Placeholder,Placeholder (no brackets),Field Name (pretty label),Phase,Section in Report Where Used,Source,Required,Description of Expected Content ,Fallback,Dependencies,Word count (min),Word count (max),Tone/Style,Instructions for GPT,Allowed source: user,Allowed source: GPT logic,Allowed source: API,Data Type,Retry on Reject,Normalise Case,Provenence required,Notes,Examples,Benchmark Targets,Auto populates (human info only),derivation_type,cascade_family
_metadata,3.2.3,,,,,,,,,,,,,,,,,,,,,,,,,
{{ ac_report_url }},ac_report_url,AC Inspection Report URL,API,5,ACIR,Yes,Give the exact weblink for the Air Conditioning Inspection Report that you have used,Insert 'Data unavailable or inconclusive',None,1,5,Weblink,Auto-populated from ACIR lookup during EPC phase. Fallback: https://find-energy-certificate.service.gov.uk/find-a-non-domestic-certificate/search-by-postcode,No,Yes,Yes,String,Yes,Lower case,Yes,Weblink only,https://find-energy-certificate.service.gov.uk/energy-certificate/0610-6043-0230-3420-8026,N/A,Yes,auto,acir
{{ address_line_1 }},address_line_1,Address,Init,Header and Section 1,OS_PLACES,Yes,First line of address,"None, mandatory",None,0,10,"Short, factual",Auto-populated from OS Places API via /address. Do not adjust even if user insists,No,No,Yes,String,Yes,Leading caps,No,,123 Oxford Street,N/A,Yes,auto,address
{{ building_name }},building_name,Building Name,Base build,1,(review),Yes,The name of the building.,Insert 'Data unavailable or inconclusive',None,1,10,"Short, factual","Auto-populated from session data. The official or commonly used name of the building. If not known, derive from address. Fallback, use {{ address_line_1 }}",No,Yes,Yes,String,Yes,Leading caps,No,,10 Downing Street,N/A,Yes,auto,
{{ breeam_commentary }},breeam_commentary,BREEAM Commentary,API,12,GPT,No,"Certification commentary synthesising BREEAM data for CRE context. If certified: note rating, scheme, date, asset positioning. If not certified: frame as retrofit opportunity. Include neighbourhood BREEAM density if available in the response (nearby_certs count) — compare subject to local peer set.",Insert 'Data unavailable or inconclusive',breeam_rating,25,150,"Descriptive, factual, expository","Using BREEAM API call information above, provie comments on the BREEAM certification. If certified: note rating, scheme, date. If not certified: normal for older stock, frame as retrofit opportunity. If neighbourhood density data is available (nearby_certs count or nearby_summary in the response), note how the subject compares to its local peer set — e.g. 'The building is not certified, but N nearby buildings hold BREEAM certifications, indicating an area where sustainability credentials are common among peers.'",No,Yes,No,String,Yes,Initial caps,No,Neighbourhood density data comes from the BREEAM API response context.nearby_certs and context.nearby_summary fields. Use it to contextualise the certification status.,"BREEAM Excellent (BREEAM-0048-0335, Offices, 2013). Strong sustainability credential for a 2010s office. 116 nearby certified buildings indicate an area where BREEAM certification is common among peers.",N/A,No,llm_derived,
{{ breeam_rating }},breeam_rating,BREEAM Rating,API,12,BREEAM,No,Current BREEAM certification rating from the BREEAM register. Stored after API lookup (exact match) or after user confirmation (proximity match). Not certified is valid — it means the building has no BREEAM certification.,Insert 'Data unavailable or inconclusive',None,1,5,"Short, factual","Auto-populated from BREEAM API via /breeam. For proximity matches, only stored after user confirms. Do not store until confirmation received.",No,No,Yes,"ENUM: Outstanding, Excellent, Very Good, Good, Pass, Unclassified, Not certified",Yes,Leading caps,Yes,Enum-constrained. Must be one of the 7 valid values. 'Not certified' is the correct value when no certification exists — do not append neighbourhood counts or qualifiers.,Excellent,Outstanding,Yes,auto,breeam
{{ cert_target_breeam }},cert_target_breeam,BREEAM,Strategy,11,GPT,Yes,"State the target rating (e.g., ""outstanding""), derived from you analysis and detailed assessment using the BREEAM scoring system. ",Insert 'Data unavailable or inconclusive',None,1,10,"Short, factual","Run a credit-by-credit BREEAM assessment and state the predicted post-retrofit rating. Output just the rating (ENUM: Outstanding, Excellent, Very Good, Good). Follow PIPE.ANALYSIS.BREEAM.001 in pipe_companion_file.pdf in your knowledge files for methodology. MANDATORY you must read that section of pipe_companion.pdf now.",No,Yes,No,"ENUM: Outstanding, Excellent, Very Good, Good, no rating",Yes,All caps,No,,Outstanding ,Outstanding,No,llm_derived,
{{ cert_target_breeam_comments }},cert_target_breeam_comments,BREEAM,Strategy,11,GPT,Yes,"Detail on your assessment. What areas scored well, which did not.  Areas where confidence was low or high. Scope for better results",Insert 'Data unavailable or inconclusive',None,100,200,"Clear, factual, expository","For the target BREEAM certification, report which credit categories may score well, which score poorly, confidence level, and scope for improvement. Follow PIPE.ANALYSIS.BREEAM.001 in pipe_companion.pdf in your knowledge files for methodology. MANDATORY you must read that section of pipe_companion.pdf now. MUST use context_binder_trade*.pdfs. State confidence - DO NOT FABRICATE insights that are not backed up by facts.",No,Yes,No,String,Yes,Initial caps,No,,"Credit-by-credit DFP assessment indicates BREEAM Very Good is achievable with the proposed retrofit scope, scoring ~55-58% via Ene 01 (heat-pump decarbonisation, ~12 credits predicted), Man 04 commissioning (~6 credits), Mat 02 responsible sourcing (~4 credits), and Hea 01 daylight (~3 credits). BREEAM Excellent (70%+) would require additional Ene 01 credits beyond the current heat-pump + PV package, plus Wat 01 metering upgrades and Hea 02 indoor air-quality improvements. Confidence moderate — Hea 01 depends on structural decisions still in design development, and Mat 02 hinges on product specification not yet locked. Scope for improvement: adding M&O post-occupancy commissioning plus enhanced BMS analytics could add 3-4 points and push toward Excellent.",N/A,No,llm_derived,
{{ cert_target_epc }},cert_target_epc,EPC,Strategy,11,GPT,Yes,"State the target rating (e.g., ""A""), derived from you analysis and detailed assessment using  EPC assesment tools",Insert 'Data unavailable or inconclusive',None,1,10,"Short, factual","Predict the post-retrofit EPC rating letter using the proposed interventions and SBEM assessment logic. Output just the letter (ENUM: A, B, C, D, E). Follow PIPE.ANALYSIS.EPC.001 in pipe_companion_file.pdf in your knowledge files for methodology. MANDATORY you must read that section of pipe_companion.pdf now.",No,Yes,No,"ENUM: A, B, C, D, E, F, G",Yes,All caps,No,,A,EPC A,No,llm_derived,
{{ cert_target_epc_comments }},cert_target_epc_comments,EPC,Strategy,11,GPT,Yes,"Detail on your assessment. What areas scored well, which did not.  Areas where confidence was low or high. Scope for better results",Insert 'Data unavailable or inconclusive',None,100,200,"Clear, factual, expository","Detail which EPC assessment areas improved, which remain weak, confidence in the predicted rating, and scope for further improvement. Follow PIPE.ANALYSIS.EPC.001 in pipe_companion_file.pdf in your knowledge files for methodology. MANDATORY you must read that section of pipe_companion.pdf now. MUST use context_binder_trade*.pdfs. State confidence - DO NOT FABRICATE insights that are not backed up by facts.",No,Yes,No,String,Yes,Initial caps,No,,"Predicted post-retrofit EPC B (score 42) per SBEM modelling of the proposed intervention package. The HVAC replacement (ASHP + enhanced BMS controls) dominates the score improvement, contributing ~15 points via primary-energy reduction; fabric upgrades (selective curtain-wall reglazing) add ~5 points; LED lighting rollout adds ~3 points; 200 kWp PV adds a further 2-4 points depending on final sizing. Confidence: high for the building-services contribution (SBEM-verified against manufacturer efficiency curves), moderate for fabric (U-value assumptions drawn from CIBSE Guide F rather than measured). Scope for further improvement: full lighting retrofit with presence detection on all floors could add 2-3 points; PV expansion if DNO connection upgrade secured adds another 2-4. EPC A would likely require full curtain-wall replacement.",N/A,No,llm_derived,
{{ cert_target_nabers }},cert_target_nabers,NABERS UK,Strategy,11,GPT,Yes,"State the target rating (e.g., ""5.0 stars""), derived from you analysis and detailed assessment using the NABERS  system. ",Insert 'Data unavailable or inconclusive',None,1,10,"Short, factual","Run a Design for Performance simulation and state the predicted post-retrofit NABERS star rating. Output just the rating (5.5, 5.0, 4.5, 4.0, 3.5, 3.0). Follow PIPE.ANALYSIS.NABERS.001 in pipe_companion_file.pdf in your knowledge files for methodology. MANDATORY you must read that section of pipe_companion.pdf now.",No,Yes,No,"ENUM: 5.5, 5.0, 4.5, 4.0, 3.5, no rating",Yes,N/A,No,,5,5.0 stars,No,llm_derived,
{{ cert_target_nabers_comments }},cert_target_nabers_comments,NABERS UK,Strategy,11,GPT,Yes,"Detailed analysis. What areas scored well, which did not.  Areas where confidence was low or high. Scope for better results",Insert 'Data unavailable or inconclusive',None,100,200,"Clear, factual, expository","Detail the DFP assessment findings: which performance areas drive the rating, where confidence is low or high, and scope for better results. Follow PIPE.ANALYSIS.NABERS.001 in pipe_companion_file.pdf in your knowledge files for methodology. MANDATORY you must read that section of pipe_companion.pdf now. MUST use context_binder_trade*.pdfs. State confidence - DO NOT FABRICATE insights that are not backed up by facts.",No,Yes,No,String,Yes,Initial caps,No,,"NABERS UK 5.0 stars achievable per Design for Performance modelling of the retrofit scope. Primary rating drivers: end-use submetering (13 panels per floor), ASHP efficiency (SCOP 3.8), enhanced BMS controls with optimum-start and adaptive setpoints, plus commissioning to CIBSE Commissioning Code M standards. Confidence moderate — NABERS is an operational rating, so realised rating depends heavily on tenant operational behaviour, full commissioning quality, and adequate M&V data capture over the 12-month measurement period. Scope for improvement: a 6-month soft-landing period post-retrofit with the M&V contractor in close contact with WPP facilities would likely push the rating to 5.5 stars. Scope for degradation: without attention to tenant energy discipline, realised rating could fall to 4.5 stars despite the modelled 5.0.",N/A,No,llm_derived,
{{ cert_target_well }},cert_target_well,WELL V2,Strategy,11,GPT,Yes,"State the target rating (e.g., ""platinum""), derived from you analysis and detailed assessment using the WELL V2 scoring system. ",Insert 'Data unavailable or inconclusive',None,1,10,"Short, factual","Run a WELL V2 credit-by-credit simulation and state the predicted post-retrofit certification tier. Output just the rating (ENUM: Platinum, Gold, Silver, Not rated). Follow PIPE.ANALYSIS.WELL.001 in pipe_companion_file.pdf in your knowledge files for methodology. MANDATORY you must read that section of pipe_companion.pdf now. State confidence - DO NOT FABRICATE insights that are not backed up by facts.",No,Yes,No,"ENUM: Platinum, Gold, Silver, no rating ",Yes,Leading caps,No,,Target Platinum,Platinum,No,llm_derived,
{{ cert_target_well_comments }},cert_target_well_comments,WELL V2,Strategy,11,GPT,Yes,"Detail on your assessment. What areas scored well, which did not.  Areas where confidence was low or high. Scope for better results",Insert 'Data unavailable or inconclusive',None,100,200,"Clear, factual, expository","Detail which WELL V2 concepts scored well, which scored poorly, confidence level, and scope for improvement. Follow PIPE.ANALYSIS.WELL.001 in pipe_companion_file.pdf in your knowledge files for methodology. MANDATORY you must read that section of pipe_companion.pdf now. State confidence - DO NOT FABRICATE insights that are not backed up by facts.",No,Yes,No,String,Yes,Initial caps,No,,"WELL V2 Gold achievable with the proposed retrofit including enhanced ventilation (MERV 13 filtration delivering 30% above ASHRAE 62.1 minimum), daylight access exceeding 55-lux threshold across 75% of workstations, water-quality testing per Feature W01, and active-design measures (internal stairs with daylight, visible cycling facilities). Confidence moderate — Nourishment and Community concepts depend on tenant fit-out choices outside landlord control; Mind and Movement concepts require ongoing operational programming. Scope for improvement: Platinum achievable if the tenant commits to additional Mind credits (mindfulness programming), full Nourishment provision (on-site produce), and Community outreach activities — but these add material operational programme cost that WPP has not committed to fund through the retrofit. Recommend targeting Gold with Platinum-readiness pathway.",N/A,No,llm_derived,
{{ city }},city,Address,Init,Header and Section 1,OS_PLACES,Yes,"City, parsed from the address","None, mandatory",None,0,5,"Short, factual",Auto-populated from OS Places API via /address. Do not adjust even if user insists,No,No,Yes,String,Yes,Leading caps,No,,London,N/A,Yes,auto,address
{{ completion_percent }},completion_percent,Completion Percent,Export,16,CALCULATED,Yes,Percentage of fields completed (fields_completed / fields_total),None,"fields_completed, fields_total",1,5,N/A - system field,Calculated as (fields_completed / fields_total) * 100,No,No,Yes,Number,No,N/A,No,Integer percentage without % symbol,,N/A,No,calculated,
{{ conservation_area }},conservation_area,Conservation Area,Base build,1,PLANNING,No,Name of the Conservation Area if the property falls within one. Conservation areas have additional planning controls to protect historic and architectural character.,Insert 'Data unavailable or inconclusive',None,0,100,"Short, factual",Auto-populated from Historic England Conservation Areas API via /planning. Do not manually populate unless override requested by user.,No,No,Yes,String,No,Leading caps,Yes,Only populated if property centroid is within a designated Conservation Area boundary,Mayfair,N/A,Yes,auto,planning
{{ const_date }},const_date,Construction Date,Base build,1,EPC,Yes,"Year built, and if applicable, year of last major refurbishment",Insert 'Data unavailable or inconclusive',None,1,5,Date,"Output the construction date and date of last major refurbishment, if applicable. Primary source: EPC API data and planning data from above. If not present, call /pull with include_api_responses=true. Secondary source: uploaded brochure and other files — parse deeply looking for construction and refurbishment dates. Always cross-reference findings by performing a MANDATORY internet search using <address> + 'built' + 'construction' + 'completed' + 'architect'. Data may appear on consultants' websites (architect, MEP engineer, sustainability advisor). If no date found from any source, state this; do not guess.",No,Yes,Yes,Number (year),Yes,N/A,Yes,,1999,N/A,No,llm_assisted,epc
{{ cost_comments }},cost_comments,Estimated cost of Retrofit Strategy,Strategy,14,GPT,Yes,"Detailed comments on how you have derived the cost of the Retrofit Straegy. Include sources for each major item, per sq ft rate breakdowns.  Include sentence on overall confidence.","None, mandatory","cost_tot_*, cost_rate_*",100,250,"Clear, factual, technical","Provide a deep analysis and synthesis of all costs. Structure as: statement on how you have derived the cost of the Retrofit Strategy, high level breakdown clustered by intervention theme (fabric, MEP, etc), source attribution, comparison to market benchmarks, where works are more or less involved than benchmarks. End with sentence on overall confidence. ",No,Yes,No,String,Yes,Initial caps,No,,"Total retrofit cost £3.2m / £87 per sq ft. Plant-room replacement (ASHP + calorifiers + reconfigured primary circuits) at £1.1m is 34% of total, benchmarked against RICS/BCIS median for 2024 commercial retrofit. Floor MEP refurbishment at £0.62m (19% of total) aligns with JLL London retrofit indices Q1 2025. Enhanced glazing at £0.38m sits at the upper end of BCIS data because the existing 2014 curtain wall system is obsolete and requires full re-glazing rather than film retrofit — a material cost premium over typical refurb programmes. 200 kWp PV at £240k is market-median for 2025 UK commercial solar. Professional fees at 15% (£0.42m) reflect the complexity of phased delivery around the WPP tenant. Overall confidence ±15%; main cost risk is fabric discovery during strip-out, particularly if the roof membrane proves to need replacement concurrent with the PV installation.",N/A,No,llm_derived,
{{ cost_scope }},cost_scope,Retrofit Cost Scenario Scope,Strategy,14,BENCHMARK,No,Retrofit cost scenario scope. Indicates the breadth of the Retrofit Strategy costing.,Insert 'Data unavailable or inconclusive',None,1,5,"Short, factual","Retrofit cost scenario scope. Valid values: DECARB_ONLY, DECARB_PLUS_AMENITY, FULL_REPOSITIONING.",Yes,Yes,No,"ENUM: DECARB_ONLY, DECARB_PLUS_AMENITY, FULL_REPOSITIONING",Yes,All caps,No,,,N/A,No,user,
{{ cost_rate_cata }},cost_rate_cata,Refurb to CAT A,Strategy,14,GPT,Yes,Per square foot rate for the estimated cost of interventions to take any vacant floors back to CAT-A status under the Retrofit Strategy,"None, mandatory",None,1,5,Number,"Auto-populated by pipe-costs /confirm. Call /costs/preview first — do NOT synthesise manually unless /costs/preview has failed, in which case synthesise using stored data via /pull, with MANDATORY internet search for current UK commercial retrofit costs per sq ft. State source and confidence.",Yes,Yes,No,Currency,Yes,N/A,No,,£120 / sq ft,N/A,No,calculated,
{{ cost_rate_eot }},cost_rate_eot,End of trip,Strategy,14,GPT,Yes,Per square foot rate for the estimated cost of interventions to improve the end of trip facilities under the Retrofit Strategy,"None, mandatory",None,1,5,Number,"Auto-populated by pipe-costs /confirm. Call /costs/preview first — do NOT synthesise manually unless /costs/preview has failed, in which case synthesise using stored data via /pull, with MANDATORY internet search for current UK commercial retrofit costs per sq ft. State source and confidence.",Yes,Yes,No,Currency,Yes,N/A,No,,£120 / sq ft,N/A,No,calculated,
{{ cost_rate_fees }},cost_rate_fees,Professional fees (at 15%),Strategy,14,GPT,Yes,"Per square foot rate for the estimated professional fees, calculated as 15% of the toal of all other costs listed above","None, mandatory",None,1,5,Number,"Auto-populated by pipe-costs /confirm. Call /costs/preview first — do NOT synthesise manually unless /costs/preview has failed, in which case synthesise using stored data via /pull, with MANDATORY internet search for current UK commercial retrofit costs per sq ft. State source and confidence.",Yes,Yes,No,Currency,Yes,N/A,No,,£120 / sq ft,N/A,No,calculated,
{{ cost_rate_floor }},cost_rate_floor,On floor MEP,Strategy,14,GPT,Yes,Per square foot rate for the estimated cost of interventions to the on floor MEP systems under the Retrofit Strategy,"None, mandatory",None,1,5,Number,"Auto-populated by pipe-costs /confirm. Call /costs/preview first — do NOT synthesise manually unless /costs/preview has failed, in which case synthesise using stored data via /pull, with MANDATORY internet search for current UK commercial retrofit costs per sq ft. State source and confidence.",Yes,Yes,No,Currency,Yes,N/A,No,,£120 / sq ft,N/A,No,calculated,
{{ cost_rate_ins }},cost_rate_ins,Insulation,Strategy,14,GPT,Yes,Per square foot rate for the estimated cost of interventions to improve the building fabric insulation under the Retrofit Strategy,"None, mandatory",None,1,5,Number,"Auto-populated by pipe-costs /confirm. Call /costs/preview first — do NOT synthesise manually unless /costs/preview has failed, in which case synthesise using stored data via /pull, with MANDATORY internet search for current UK commercial retrofit costs per sq ft. State source and confidence.",Yes,Yes,No,Currency,Yes,N/A,No,,£120 / sq ft,N/A,No,calculated,
{{ cost_rate_light }},cost_rate_light,Lighting,Strategy,14,GPT,Yes,Per square foot rate for the estimated cost of interventions to all lighting systems under the Retrofit Strategy,"None, mandatory",None,1,5,Number,"Auto-populated by pipe-costs /confirm. Call /costs/preview first — do NOT synthesise manually unless /costs/preview has failed, in which case synthesise using stored data via /pull, with MANDATORY internet search for current UK commercial retrofit costs per sq ft. State source and confidence.",Yes,Yes,No,Currency,Yes,N/A,No,,£120 / sq ft,N/A,No,calculated,
{{ cost_rate_nia }},cost_rate_nia,Additional NIA,Strategy,14,GPT,Yes,Per square foot rate for the estimated cost of interventions to increase the net lettable aread under the Retrofit Strategy,"None, mandatory",None,1,5,Number,"Auto-populated by pipe-costs /confirm. Call /costs/preview first — do NOT synthesise manually unless /costs/preview has failed, in which case synthesise using stored data via /pull, with MANDATORY internet search for current UK commercial retrofit costs per sq ft. State source and confidence.",Yes,Yes,No,Currency,Yes,N/A,No,,£120 / sq ft,N/A,No,calculated,
{{ cost_rate_other }},cost_rate_other,Other,Strategy,14,GPT,Yes,"Per square foot rate for the estimated cost of all other interventionsin your Retrofit Strategy, not included above","None, mandatory",None,1,5,Number,"Auto-populated by pipe-costs /confirm. Call /costs/preview first — do NOT synthesise manually unless /costs/preview has failed, in which case synthesise using stored data via /pull, with MANDATORY internet search for current UK commercial retrofit costs per sq ft. State source and confidence.",Yes,Yes,No,Currency,Yes,N/A,No,,£120 / sq ft,N/A,No,calculated,
{{ cost_rate_plant }},cost_rate_plant,Main plant,Strategy,14,GPT,Yes,"Per square foot rate for the estimated cost of interventions to the Main Central Plant (chillers, ASHP, AHU, electrics, etc) under the Retrofit Strategy","None, mandatory",None,1,5,Number,"Auto-populated by pipe-costs /confirm. Call /costs/preview first — do NOT synthesise manually unless /costs/preview has failed, in which case synthesise using stored data via /pull, with MANDATORY internet search for current UK commercial retrofit costs per sq ft. State source and confidence.",Yes,Yes,No,Currency,Yes,N/A,No,,£120 / sq ft,N/A,No,calculated,
{{ cost_rate_pv }},cost_rate_pv,Renewables / solar,Strategy,14,GPT,Yes,Per square foot rate for the estimated cost of interventions to add renewables under the Retrofit Strategy,"None, mandatory",None,1,5,Number,"Auto-populated by pipe-costs /confirm. Call /costs/preview first — do NOT synthesise manually unless /costs/preview has failed, in which case synthesise using stored data via /pull, with MANDATORY internet search for current UK commercial retrofit costs per sq ft. State source and confidence.",Yes,Yes,No,Currency,Yes,N/A,No,,£120 / sq ft,N/A,No,calculated,
{{ cost_rate_recept }},cost_rate_recept,Reception,Strategy,14,GPT,Yes,Per square foot rate for the estimated cost of interventions to improve the reception under the Retrofit Strategy,"None, mandatory",None,1,5,Number,"Auto-populated by pipe-costs /confirm. Call /costs/preview first — do NOT synthesise manually unless /costs/preview has failed, in which case synthesise using stored data via /pull, with MANDATORY internet search for current UK commercial retrofit costs per sq ft. State source and confidence.",Yes,Yes,No,Currency,Yes,N/A,No,,£120 / sq ft,N/A,No,calculated,
{{ cost_rate_total }},cost_rate_total,TOTAL COSTS,Strategy,14,GPT,Yes,Per square foot rate for the sum of all costs listed above,"None, mandatory","cost_rate_plant, cost_rate_floor, cost_rate_light, cost_rate_win, cost_rate_ins, cost_rate_cata, cost_rate_pv, cost_rate_water, cost_rate_nia, cost_rate_recept, cost_rate_eot, cost_rate_other, cost_rate_fees",1,5,Number,"Auto-populated by pipe-costs /confirm. Call /costs/preview first — do NOT synthesise manually unless /costs/preview has failed, in which case synthesise using stored data via /pull, with MANDATORY internet search for current UK commercial retrofit costs per sq ft. State source and confidence.",Yes,Yes,No,Currency,Yes,N/A,No,,£120 / sq ft,N/A,No,calculated,
{{ cost_rate_water }},cost_rate_water,Water systems,Strategy,14,GPT,Yes,Per square foot rate for the estimated cost of interventions to the water systems under the Retrofit Strategy,"None, mandatory",None,1,5,Number,"Auto-populated by pipe-costs /confirm. Call /costs/preview first — do NOT synthesise manually unless /costs/preview has failed, in which case synthesise using stored data via /pull, with MANDATORY internet search for current UK commercial retrofit costs per sq ft. State source and confidence.",Yes,Yes,No,Currency,Yes,N/A,No,,£120 / sq ft,N/A,No,calculated,
{{ cost_rate_win }},cost_rate_win,Windows,Strategy,14,GPT,Yes,Per square foot rate for the estimated cost of interventions to the windows under the Retrofit Strategy,"None, mandatory",None,1,5,Number,"Auto-populated by pipe-costs /confirm. Call /costs/preview first — do NOT synthesise manually unless /costs/preview has failed, in which case synthesise using stored data via /pull, with MANDATORY internet search for current UK commercial retrofit costs per sq ft. State source and confidence.",Yes,Yes,No,Currency,Yes,N/A,No,,£120 / sq ft,N/A,No,calculated,
{{ cost_source_cata }},cost_source_cata,Refurb to CAT A,Strategy,14,GPT,Yes,Source of the information used to calculate the cost of interventions to take any vacant floors back to CAT-A status under the Retrofit Strategy,"None, mandatory",None,1,25,Number,"Auto-populated by pipe-costs /confirm — records the source attribution for the corresponding rate (e.g. 'Spon's 2024'). Do NOT populate manually. If empty, call /costs/preview first. If /costs/preview has failed, set to 'GPT estimate' to flag that the corresponding rate was not benchmark-sourced.",No,Yes,No,String,Yes,Initial caps,Yes,,,N/A,No,rules,
{{ cost_source_eot }},cost_source_eot,End of trip,Strategy,14,GPT,Yes,Source of the information used to calculate the cost of interventions to improve the end of trip facilities under the Retrofit Strategy,"None, mandatory",None,1,25,Number,"Auto-populated by pipe-costs /confirm — records the source attribution for the corresponding rate (e.g. 'Spon's 2024'). Do NOT populate manually. If empty, call /costs/preview first. If /costs/preview has failed, set to 'GPT estimate' to flag that the corresponding rate was not benchmark-sourced.",No,Yes,No,String,Yes,Initial caps,Yes,,,N/A,No,rules,
{{ cost_source_fees }},cost_source_fees,Professional fees (at 15%),Strategy,14,GPT,Yes,N/A,"None, mandatory",None,1,25,Number,"Auto-populated by pipe-costs /confirm — records the source attribution for the corresponding rate (e.g. 'Spon's 2024'). Do NOT populate manually. If empty, call /costs/preview first. If /costs/preview has failed, set to 'GPT estimate' to flag that the corresponding rate was not benchmark-sourced.",No,Yes,No,String,Yes,Initial caps,Yes,,,N/A,No,rules,
{{ cost_source_floor }},cost_source_floor,On floor MEP,Strategy,14,GPT,Yes,Source of the information used to calculate the cost of interventions to the on floor MEP systems under the Retrofit Strategy,"None, mandatory",None,1,25,Number,"Auto-populated by pipe-costs /confirm — records the source attribution for the corresponding rate (e.g. 'Spon's 2024'). Do NOT populate manually. If empty, call /costs/preview first. If /costs/preview has failed, set to 'GPT estimate' to flag that the corresponding rate was not benchmark-sourced.",No,Yes,No,String,Yes,Initial caps,Yes,,,N/A,No,rules,
{{ cost_source_ins }},cost_source_ins,Insulation,Strategy,14,GPT,Yes,Source of the information used to calculate the cost of interventions to improve the building fabric insulation under the Retrofit Strategy,"None, mandatory",None,1,25,Number,"Auto-populated by pipe-costs /confirm — records the source attribution for the corresponding rate (e.g. 'Spon's 2024'). Do NOT populate manually. If empty, call /costs/preview first. If /costs/preview has failed, set to 'GPT estimate' to flag that the corresponding rate was not benchmark-sourced.",No,Yes,No,String,Yes,Initial caps,Yes,,,N/A,No,rules,
{{ cost_source_light }},cost_source_light,Lighting,Strategy,14,GPT,Yes,Source of the information used to calculate the cost of interventions to all lighting systems under the Retrofit Strategy,"None, mandatory",None,1,25,Number,"Auto-populated by pipe-costs /confirm — records the source attribution for the corresponding rate (e.g. 'Spon's 2024'). Do NOT populate manually. If empty, call /costs/preview first. If /costs/preview has failed, set to 'GPT estimate' to flag that the corresponding rate was not benchmark-sourced.",No,Yes,No,String,Yes,Initial caps,Yes,,,N/A,No,rules,
{{ cost_source_nia }},cost_source_nia,Additional NIA,Strategy,14,GPT,Yes,Source of the information used to calculate the cost of interventions to increase the net lettable aread under the Retrofit Strategy,"None, mandatory",None,1,25,Number,"Auto-populated by pipe-costs /confirm — records the source attribution for the corresponding rate (e.g. 'Spon's 2024'). Do NOT populate manually. If empty, call /costs/preview first. If /costs/preview has failed, set to 'GPT estimate' to flag that the corresponding rate was not benchmark-sourced.",No,Yes,No,String,Yes,Initial caps,Yes,,,N/A,No,rules,
{{ cost_source_other }},cost_source_other,Other,Strategy,14,GPT,Yes,"Source of the information used to calculate the cost of all other interventionsin your Retrofit Strategy, not included above","None, mandatory",None,1,25,Number,"Auto-populated by pipe-costs /confirm — records the source attribution for the corresponding rate (e.g. 'Spon's 2024'). Do NOT populate manually. If empty, call /costs/preview first. If /costs/preview has failed, set to 'GPT estimate' to flag that the corresponding rate was not benchmark-sourced.",No,Yes,No,String,Yes,Initial caps,Yes,,,N/A,No,rules,
{{ cost_source_plant }},cost_source_plant,Main plant,Strategy,14,GPT,Yes,"Source of the information used to calculate the cost of interventions to the Main Central Plant (chillers, ASHP, AHU, electrics, etc) under the Retrofit Strategy","None, mandatory",None,1,25,Number,"Auto-populated by pipe-costs /confirm — records the source attribution for the corresponding rate (e.g. 'Spon's 2024'). Do NOT populate manually. If empty, call /costs/preview first. If /costs/preview has failed, set to 'GPT estimate' to flag that the corresponding rate was not benchmark-sourced.",No,Yes,No,String,Yes,Initial caps,Yes,,,N/A,No,rules,
{{ cost_source_pv }},cost_source_pv,Renewables / solar,Strategy,14,GPT,Yes,Source of the information used to calculate the cost of interventions to tadd renewables under the Retrofit Strategy,"None, mandatory",None,1,25,Number,"Auto-populated by pipe-costs /confirm — records the source attribution for the corresponding rate (e.g. 'Spon's 2024'). Do NOT populate manually. If empty, call /costs/preview first. If /costs/preview has failed, set to 'GPT estimate' to flag that the corresponding rate was not benchmark-sourced.",No,Yes,No,String,Yes,Initial caps,Yes,,,N/A,No,rules,
{{ cost_source_recept }},cost_source_recept,Reception,Strategy,14,GPT,Yes,Source of the information used to calculate the cost of interventions to improve the reception under the Retrofit Strategy,"None, mandatory",None,1,25,Number,"Auto-populated by pipe-costs /confirm — records the source attribution for the corresponding rate (e.g. 'Spon's 2024'). Do NOT populate manually. If empty, call /costs/preview first. If /costs/preview has failed, set to 'GPT estimate' to flag that the corresponding rate was not benchmark-sourced.",No,Yes,No,String,Yes,Initial caps,Yes,,,N/A,No,rules,
{{ cost_source_water }},cost_source_water,Water systems,Strategy,14,GPT,Yes,Source of the information used to calculate the cost of interventions to the water systems under the Retrofit Strategy,"None, mandatory",None,1,25,Number,"Auto-populated by pipe-costs /confirm — records the source attribution for the corresponding rate (e.g. 'Spon's 2024'). Do NOT populate manually. If empty, call /costs/preview first. If /costs/preview has failed, set to 'GPT estimate' to flag that the corresponding rate was not benchmark-sourced.",No,Yes,No,String,Yes,Initial caps,Yes,,,N/A,No,rules,
{{ cost_source_win }},cost_source_win,Windows,Strategy,14,GPT,Yes,Source of the information used to calculate the cost of interventions to the windos under the Retrofit Strategy,"None, mandatory",None,1,25,Number,"Auto-populated by pipe-costs /confirm — records the source attribution for the corresponding rate (e.g. 'Spon's 2024'). Do NOT populate manually. If empty, call /costs/preview first. If /costs/preview has failed, set to 'GPT estimate' to flag that the corresponding rate was not benchmark-sourced.",No,Yes,No,String,Yes,Initial caps,Yes,,,N/A,No,rules,
{{ cost_tot_cata }},cost_tot_cata,Refurb to CAT A,Strategy,14,GPT,Yes,Total estimated cost of interventions to take any vacant floors back to CAT-A status under the Retrofit Strategy,"None, mandatory","cost_rate_cata, gia",1,5,Number,"Auto-populated by pipe-costs /confirm — calculated as cost_rate × GIA (sq ft). Do NOT calculate or populate manually. If empty, call /costs/preview first. If /costs/preview has failed, multiply the corresponding cost_rate field by gia (sq ft) and state 'manually calculated — verify' in cost_comments.",No,Yes,No,Currency,Yes,N/A,No, Can use the per sq ft rate listed in {{ Cost_rate_eot }} multiplied by {{ GIA }},"£1,000,000 ",N/A,No,calculated,
{{ cost_tot_eot }},cost_tot_eot,End of trip,Strategy,14,GPT,Yes,Total estimated cost of interventions to improve the end of trip facilities under the Retrofit Strategy,"None, mandatory","cost_rate_eot, gia",1,5,Number,"Auto-populated by pipe-costs /confirm — calculated as cost_rate × GIA (sq ft). Do NOT calculate or populate manually. If empty, call /costs/preview first. If /costs/preview has failed, multiply the corresponding cost_rate field by gia (sq ft) and state 'manually calculated — verify' in cost_comments.",No,Yes,No,Currency,Yes,N/A,No, Can use the per sq ft rate listed in {{ Cost_rate_eot }} multiplied by {{ GIA }},"£1,000,000 ",N/A,No,calculated,
{{ cost_tot_fees }},cost_tot_fees,Professional fees (at 15%),Strategy,14,GPT,Yes,"Total estimated professional fees, calculated as 15% of the toal of all other costs listed above","None, mandatory","cost_tot_plant, cost_tot_floor, cost_tot_light, cost_tot_win, cost_tot_ins, cost_tot_cata, cost_tot_pv, cost_tot_water, cost_tot_nia, cost_tot_recept, cost_tot_eot, cost_tot_other",1,5,Number,"Auto-populated by pipe-costs /confirm — calculated as cost_rate × GIA (sq ft). Do NOT calculate or populate manually. If empty, call /costs/preview first. If /costs/preview has failed, multiply the corresponding cost_rate field by gia (sq ft) and state 'manually calculated — verify' in cost_comments.",No,Yes,No,Currency,Yes,N/A,No, Can use the per sq ft rate listed in {{ Cost_rate_eot }} multiplied by {{ GIA }},"£1,000,000 ",N/A,No,calculated,
{{ cost_tot_floor }},cost_tot_floor,On floor MEP,Strategy,14,GPT,Yes,Total estimated cost of interventions to the on floor MEP systems under the Retrofit Strategy,"None, mandatory","cost_rate_floor, gia",1,5,Number,"Auto-populated by pipe-costs /confirm — calculated as cost_rate × GIA (sq ft). Do NOT calculate or populate manually. If empty, call /costs/preview first. If /costs/preview has failed, multiply the corresponding cost_rate field by gia (sq ft) and state 'manually calculated — verify' in cost_comments.",No,Yes,No,Currency,Yes,N/A,No, Can use the per sq ft rate listed in {{ Cost_rate_eot }} multiplied by {{ GIA }},"£1,000,000 ",N/A,No,calculated,
{{ cost_tot_ins }},cost_tot_ins,Insulation,Strategy,14,GPT,Yes,Total estimated cost of interventions to improve the building fabric insulation under the Retrofit Strategy,"None, mandatory","cost_rate_ins, gia",1,5,Number,"Auto-populated by pipe-costs /confirm — calculated as cost_rate × GIA (sq ft). Do NOT calculate or populate manually. If empty, call /costs/preview first. If /costs/preview has failed, multiply the corresponding cost_rate field by gia (sq ft) and state 'manually calculated — verify' in cost_comments.",No,Yes,No,Currency,Yes,N/A,No, Can use the per sq ft rate listed in {{ Cost_rate_eot }} multiplied by {{ GIA }},"£1,000,000 ",N/A,No,calculated,
{{ cost_tot_light }},cost_tot_light,Lighting,Strategy,14,GPT,Yes,Total estimated cost of interventions to all lighting systems under the Retrofit Strategy,"None, mandatory","cost_rate_light, gia",1,5,Number,"Auto-populated by pipe-costs /confirm — calculated as cost_rate × GIA (sq ft). Do NOT calculate or populate manually. If empty, call /costs/preview first. If /costs/preview has failed, multiply the corresponding cost_rate field by gia (sq ft) and state 'manually calculated — verify' in cost_comments.",No,Yes,No,Currency,Yes,N/A,No, Can use the per sq ft rate listed in {{ Cost_rate_eot }} multiplied by {{ GIA }},"£1,000,000 ",N/A,No,calculated,
{{ cost_tot_nia }},cost_tot_nia,Additional NIA,Strategy,14,GPT,Yes,Total estimated cost of interventions to increase the net lettable aread under the Retrofit Strategy,"None, mandatory","cost_rate_nia, gia",1,5,Number,"Auto-populated by pipe-costs /confirm — calculated as cost_rate × GIA (sq ft). Do NOT calculate or populate manually. If empty, call /costs/preview first. If /costs/preview has failed, multiply the corresponding cost_rate field by gia (sq ft) and state 'manually calculated — verify' in cost_comments.",No,Yes,No,Currency,Yes,N/A,No, Can use the per sq ft rate listed in {{ Cost_rate_eot }} multiplied by {{ GIA }},"£1,000,000 ",N/A,No,calculated,
{{ cost_tot_other }},cost_tot_other,Other,Strategy,14,GPT,Yes,"Total estimated cost of all other interventionsin your Retrofit Strategy, not included above","None, mandatory","cost_rate_other, gia",1,5,Number,"Auto-populated by pipe-costs /confirm — calculated as cost_rate × GIA (sq ft). Do NOT calculate or populate manually. If empty, call /costs/preview first. If /costs/preview has failed, multiply the corresponding cost_rate field by gia (sq ft) and state 'manually calculated — verify' in cost_comments.",No,Yes,No,Currency,Yes,N/A,No, Can use the per sq ft rate listed in {{ Cost_rate_eot }} multiplied by {{ GIA }},"£1,000,000 ",N/A,No,calculated,
{{ cost_tot_plant }},cost_tot_plant,Main plant,Strategy,14,GPT,Yes,"Total estimated cost of interventions to the Main Central Plant (chillers, ASHP, AHU, electrics, etc) under the Retrofit Strategy","None, mandatory","cost_rate_plant, gia",1,5,Number,"Auto-populated by pipe-costs /confirm — calculated as cost_rate × GIA (sq ft). Do NOT calculate or populate manually. If empty, call /costs/preview first. If /costs/preview has failed, multiply the corresponding cost_rate field by gia (sq ft) and state 'manually calculated — verify' in cost_comments.",No,Yes,No,Currency,Yes,N/A,No, Can use the per sq ft rate listed in {{ Cost_rate_eot }} multiplied by {{ GIA }},"£1,000,000 ",N/A,No,calculated,
{{ cost_tot_pv }},cost_tot_pv,Renewables / solar,Strategy,14,GPT,Yes,Total estimated cost of interventions to tadd renewables under the Retrofit Strategy,"None, mandatory","cost_rate_pv, gia",1,5,Number,"Auto-populated by pipe-costs /confirm — calculated as cost_rate × GIA (sq ft). Do NOT calculate or populate manually. If empty, call /costs/preview first. If /costs/preview has failed, multiply the corresponding cost_rate field by gia (sq ft) and state 'manually calculated — verify' in cost_comments.",No,Yes,No,Currency,Yes,N/A,No, Can use the per sq ft rate listed in {{ Cost_rate_eot }} multiplied by {{ GIA }},"£1,000,000 ",N/A,No,calculated,
{{ cost_tot_recept }},cost_tot_recept,Reception,Strategy,14,GPT,Yes,Total estimated cost of interventions to improve the reception under the Retrofit Strategy,"None, mandatory","cost_rate_recept, gia",1,5,Number,"Auto-populated by pipe-costs /confirm — calculated as cost_rate × GIA (sq ft). Do NOT calculate or populate manually. If empty, call /costs/preview first. If /costs/preview has failed, multiply the corresponding cost_rate field by gia (sq ft) and state 'manually calculated — verify' in cost_comments.",No,Yes,No,Currency,Yes,N/A,No, Can use the per sq ft rate listed in {{ Cost_rate_eot }} multiplied by {{ GIA }},"£1,000,000 ",N/A,No,calculated,
{{ cost_tot_total }},cost_tot_total,TOTAL COSTS,Strategy,14,GPT,Yes,Sum of all costs listed above,"None, mandatory","cost_tot_plant, cost_tot_floor, cost_tot_light, cost_tot_win, cost_tot_ins, cost_tot_cata, cost_tot_pv, cost_tot_water, cost_tot_nia, cost_tot_recept, cost_tot_eot, cost_tot_other, cost_tot_fees",1,5,Number,"Auto-populated by pipe-costs /confirm — calculated as cost_rate × GIA (sq ft). Do NOT calculate or populate manually. If empty, call /costs/preview first. If /costs/preview has failed, multiply the corresponding cost_rate field by gia (sq ft) and state 'manually calculated — verify' in cost_comments.",No,Yes,No,Currency,Yes,N/A,No, Can use the per sq ft rate listed in {{ Cost_rate_eot }} multiplied by {{ GIA }},"£1,000,000 ",N/A,No,calculated,
{{ cost_tot_water }},cost_tot_water,Water systems,Strategy,14,GPT,Yes,Total estimated cost of interventions to the water systems under the Retrofit Strategy,"None, mandatory","cost_rate_water, gia",1,5,Number,"Auto-populated by pipe-costs /confirm — calculated as cost_rate × GIA (sq ft). Do NOT calculate or populate manually. If empty, call /costs/preview first. If /costs/preview has failed, multiply the corresponding cost_rate field by gia (sq ft) and state 'manually calculated — verify' in cost_comments.",No,Yes,No,Currency,Yes,N/A,No, Can use the per sq ft rate listed in {{ Cost_rate_eot }} multiplied by {{ GIA }},1000000,N/A,No,calculated,
{{ cost_tot_win }},cost_tot_win,Windows,Strategy,14,GPT,Yes,Total estimated cost of interventions to the windows under the Retrofit Strategy,"None, mandatory","cost_rate_win, gia",1,5,Number,"Auto-populated by pipe-costs /confirm — calculated as cost_rate × GIA (sq ft). Do NOT calculate or populate manually. If empty, call /costs/preview first. If /costs/preview has failed, multiply the corresponding cost_rate field by gia (sq ft) and state 'manually calculated — verify' in cost_comments.",No,Yes,No,Currency,Yes,N/A,No, Can use the per sq ft rate listed in {{ Cost_rate_eot }} multiplied by {{ GIA }},1000000,N/A,No,calculated,
{{ created_at }},created_at,Session Created,Init,16,CALCULATED,Yes,Timestamp when the PIPE session was initialised,None,None,1,5,N/A - system field,System-generated ISO timestamp at session creation. Do not manually populate even if user insists.,No,No,Yes,String,No,N/A,Yes,ISO 8601 format,2026-01-07T11:01:06.543Z,N/A,No,auto,
{{ crrem_adv_comments }},crrem_adv_comments,CRREM Advanced Assessment,Strategy,6,GPT,Yes,"Physics-based CRREM retrofit analysis authored by pipe-crrem Val (/crrem2). Four paragraphs: (1) baseline vs retrofit EUI, strand status under 1.5°C and 2.0°C with excess tonnes, CO₂ trajectory; (2) per-intervention savings with confidence, corroboration status, end-use disaggregation; (3) staircase step summary; (4) methodology, system archetypes, caveats.",Insert 'Data unavailable or inconclusive',"crrem_retrofit_final_eui, crrem_retrofit_strand_year_1_5, crrem_retrofit_excess_tonnes, crrem_retrofit_total_savings_pct",100,300,"Clear, factual, technical","The deterministic CRREM retrofit analysis is already in this field (Val-authored — four paragraphs covering baseline vs retrofit EUI, strand status under 1.5°C and 2.0°C with excess tonnes, retrofit effectiveness). Present it verbatim as the opening of your output. Then add your synthesis: investment implications of the retrofit intervention, capex-to-value-at-risk ratio, risk-adjusted return post-intervention; cross-reference with {{ cost_comments }}, {{ postrefurb_eui }}, {{ price_paid }}, and {{ strategic_decarb_comments }}.",No,No,Yes,String,Yes,Initial caps,Yes,,,N/A,No,llm_derived,
{{ crrem_chart }},crrem_chart,CRREM Chart,Strategy,6,CALCULATED,Yes,CRREM pathway chart (JPG). Shows building line vs 1.5°C/2.0°C declining pathways with baseline and retrofit staircases. Data sourced from pipe-crrem Val.,Insert 'Data unavailable or inconclusive',None,1,10,Image,"Chart created during /report. Not done by GPT.  X-axis: years (2024-2050). Y-axis: kgCO₂/m². Plot: 1.5°C pathway, 2.0°C pathway, baseline building line, retrofit building line. User upload in session, as per system instructions. Stored as base64 string in SQL.",No,No,No,base64,Yes,N/A,Yes,JPEG file only.  Should be rendered via /report ,N/A,N/A,No,calculated,
{{ crrem_comments }},crrem_comments,CRREM Assessment,Strategy,6,GPT,Yes,"Base CRREM screening analysis authored by pipe-crrem Val (/crrem1). Covers EUI derivation, energy mix, strand year, excess emissions, and key assumptions.",Insert 'Data unavailable or inconclusive',"crrem_strand_year_1_5, crrem_excess_emissions_tonnes, crrem_delta",75,300,"Clear, factual, technical","The deterministic CRREM screening narrative is already in this field (Val-authored — covers EUI derivation, energy mix, strand year, excess emissions, key assumptions). Present it verbatim as the opening of your output. Then add your synthesis: stranding exposure in the context of investor hold period and fund ESG mandate; what level of retrofit investment would reverse stranding; cross-reference with {{ epc_commentary }}, {{ ownership_insights }}, {{ climate_risk_commentary }}, and {{ strategic_decarb_comments }}.",No,No,Yes,String,Yes,Initial caps,Yes,,,N/A,No,llm_derived,
{{ crrem_delta }},crrem_delta,CRREM Delta,Strategy,6,CALCULATED,Yes,Delta between building carbon intensity and CRREM 1.5°C pathway in base year. Computed by pipe-crrem Val (/crrem1).,Insert 'Data unavailable or inconclusive',None,1,10,"Clear, factual, technical",Computed by Val and stored. Present as-is.,No,No,Yes,String,Yes,N/A,Yes,,200 kgCO2/m2,N/A,No,calculated,
{{ crrem_strand_severity_1_5 }},crrem_strand_severity_1_5,Stranding Severity (1.5 deg),Strategy,6,CALCULATED,Yes,Stranding severity classification based on EUI gap to CRREM 1.5°C pathway. COMPLIANT = below pathway. MARGINAL = gap <20 kWh/m². MODERATE = gap 20–60 kWh/m². SEVERE = gap >60 kWh/m².,Insert 'Data unavailable or inconclusive',None,1,10,"Short, factual",Computed by Val and stored. Present as-is.,No,No,Yes,String,Yes,Initial caps,Yes,,Moderate,N/A,No,rules,
{{ crrem_strand_year_1_5 }},crrem_strand_year_1_5,Stranding Year (1.5 deg scenario),Strategy,6,CALCULATED,Yes,"Year building becomes stranded under CRREM 1.5°C pathway. Computed by pipe-crrem Val (/crrem1). Values: year (e.g. 2029), ALREADY_STRANDED, or NOT_STRANDED.",Insert 'Data unavailable or inconclusive',None,1,10,Number,Computed by Val and stored. Present as-is.,No,No,Yes,String,Yes,N/A,Yes,,"2029 (or ""Already Stranded"")",N/A,No,calculated,
{{ crrem_VAR }},crrem_var,Carbon Value at Risk,Strategy,6,GPT,Yes,"Carbon Value at Risk expressed as financial exposure. Derived from CRREM Val excess emissions data, carbon price assumptions, and asset financial data (GAV/acquisition cost).",Insert 'Data unavailable or inconclusive',"crrem_excess_emissions_tonnes, gia, cost_rate_total",1,10,Number,Ask user: 'What carbon price assumption for Carbon Value at Risk? UK Treasury shadow price is £241/tCO2 (2025). If unsure I will use £241/tCO2.' If user specifies a price use it; if unsure default to £241/tCO2. Calculate: crrem_excess_emissions_tonnes x carbon_price. Express as '£X.XXm (at £Y/tCO2)'. If pre-acquisition with no site survey data store: 'Requires site survey'. DO NOT use the £100/t value in pipe_companion.pdf,No,Yes,Yes,Currency,Yes,N/A,Yes,,06-Apr-77,N/A,No,calculated,
{{ data_sources_list }},data_sources_list,Data Sources,Export,16,CALCULATED,Yes,Comma-separated list of unique data sources used in this session,None,session_id,1,50,N/A - system field,Aggregated from source column in pipe_fields for this session,No,No,Yes,String,No,N/A,No,Deduplicated list of sources,"OS_PLACES, EPC, IMD_2025, USER, GPT",N/A,No,auto,
{{ date }},date,None,Init,1,CALCULATED,Yes,Today's date.  Enter the date of this analysis and nothing else,"None, mandatory",None,0,5,Date,Use today's date,No,Yes,No,Date,Yes,N/A,No,,"45,658",N/A,No,auto,
{{ dec_annual_electricity_kwh }},dec_annual_electricity_kwh,DEC Annual Electricity (kWh),API,5,DEC,No,"Actual annual electricity consumption from metered data in kWh, covering the 12-month DEC assessment period. Compare against dec_typical_electricity_kwh to quantify the electrical performance gap. High actual vs typical indicates inefficient lighting, cooling, or IT/equipment loads.",Insert 'Data unavailable or inconclusive',None,1,10,Number,"Auto-populated from DEC API via /epc/lookup (auto-fires alongside EPC). This is metered consumption data, actual energy used, not modelled.",No,No,Yes,Number,No,N/A,Yes,Actual metered consumption. Compare with dec_typical_electricity_kwh to quantify performance gap. Ratio > 1.2 signals significant electrical inefficiency.,892000,N/A,Yes,auto,dec
{{ dec_annual_thermal_kwh }},dec_annual_thermal_kwh,DEC Annual Thermal (kWh),API,5,DEC,No,"Actual annual thermal fuel consumption (gas, oil, district heat) from metered data in kWh. Compare against dec_typical_thermal_kwh to quantify the heating performance gap. High actual vs typical often signals poor insulation, aged boilers, or inadequate controls.",Insert 'Data unavailable or inconclusive',None,1,10,Number,"Auto-populated from DEC API via /epc/lookup (auto-fires alongside EPC). This is metered heating consumption — actual energy used, not modelled.",No,No,Yes,Number,No,N/A,Yes,Actual metered heating consumption. Compare with dec_typical_thermal_kwh. Ratio > 1.3 signals significant thermal inefficiency — a strong retrofit indicator.,31/12/5294,N/A,Yes,auto,dec
{{ dec_commentary }},dec_commentary,DEC Commentary,API,5,GPT,No,Performance gap analysis comparing EPC theoretical rating against DEC actual operational energy consumption. Quantify the gap as a percentage above or below typical. Explain what the divergence means for retrofit potential. Include yr1/yr2 trend data if available to show whether performance is improving or deteriorating. Note any significant divergence between electricity and thermal consumption vs their respective benchmarks.,Insert 'Data unavailable or inconclusive',"dec_operational_rating, dec_rating_band, dec_annual_electricity_kwh, dec_typical_electricity_kwh, dec_annual_thermal_kwh, dec_typical_thermal_kwh, epc_rating",10,200,"Clear, factual, analytical","Using the DEC data in response.dec, write a synthesise performance gap commentary using DEC data from response.dec. IMPORTANT: DEC operational_rating uses a 100-based scale (100=typical, lower=better) — this is NOT the same as EPC A-G bands. Compare EPC theoretical vs DEC actual operational performance. Quantify gap as percentage. Include yr1/yr2 trend if available — improving trend reduces retrofit urgency, deteriorating trend increases it. If electrical and thermal gaps diverge significantly, note which system is the primary driver. If no DEC data is available, say so; do not speculate.",No,Yes,No,String,Yes,Initial caps,No,Only ~15-25% of buildings have DECs. This commentary is only synthesised when dec.found = true. The performance gap between EPC (theoretical) and DEC (actual) is one of the most powerful metrics in CRE decarbonisation.,"EPC rates this building B (score 37) but the DEC operational rating is 127 (band D) — actual energy consumption is 27% above typical. yr1 rating 134, yr2 141, improving trend (6% improvement year-on-year).",Performance gap <15%,No,llm_derived,
{{ dec_date }},dec_date,DEC Date,API,5,DEC,No,Lodgement date of the Display Energy Certificate. DECs are valid for 1 year (advisory report valid for 7 years). Recency matters — a pre-2020 DEC may not reflect current operational performance post-COVID. DECs lodged >3 years ago should be flagged as potentially stale.,Insert 'Data unavailable or inconclusive',None,1,5,Date,Auto-populated from DEC API via /epc/lookup (auto-fires alongside EPC). Flag DECs older than 3 years as potentially stale. Do not manually populate unless override requested by user.,No,No,Yes,Date,No,N/A,Yes,"DECs older than 2-3 years may not reflect current building performance. COVID-19 significantly altered occupancy patterns (2020-2022), making pre-pandemic DECs unreliable for current operational assessment.",45458,N/A,Yes,auto,dec
{{ dec_operational_rating }},dec_operational_rating,DEC Operational Rating,API,5,DEC,No,"Actual operational energy rating from Display Energy Certificate. Scale: 100 = typical for this building type, <100 = better than typical, >100 = worse than typical. This is NOT the same scale as EPC A-G bands. A rating of 150 means the building consumes 50% more energy than a typical building of its type. Based on 12 months of metered energy data.",Insert 'Data unavailable or inconclusive',None,1,10,"Short, factual",Auto-populated from DEC API via /epc/lookup (auto-fires alongside EPC). Do not manually populate unless override requested by user. IMPORTANT: 100-based scale (lower = better). Do NOT confuse with EPC asset rating. Present alongside EPC rating to show the theoretical vs actual performance gap. ,No,No,Yes,Number,No,N/A,Yes,"DEC required for buildings >250m occupied by public authorities. Hit rate ~15-25% for PIPE2 sessions. 'No DEC' is a normal finding, most commercial buildings are not required to have one.",127,<100,Yes,auto,dec
{{ dec_rating_band }},dec_rating_band,DEC Rating Band,API,5,DEC,No,"A-G band derived from the DEC operational rating. A (0-25) = most efficient, G (>150) = least efficient. Based on actual metered energy consumption over 12 months, not theoretical design performance. Compare with EPC rating band to identify the performance gap between design intent and operational reality.",Insert 'Data unavailable or inconclusive',dec_operational_rating,1,5,"Short, factual",Auto-populated from DEC API via /epc/lookup. Do not manually populate unless override requested by user. Band derived from operational rating. Compare with EPC band — divergence reveals the gap between design intent and operational reality.,No,No,Yes,"ENUM: A, B, C, D, E, F, G",No,All caps,Yes,"A building with EPC B but DEC D has a significant performance gap, it was designed to be efficient but operates poorly. This is the core retrofit intelligence the DEC provides.",D,A or B,Yes,auto,dec
{{ dec_typical_electricity_kwh }},dec_typical_electricity_kwh,DEC Typical Electricity (kWh),API,5,DEC,No,"Typical annual electricity consumption for this building type and size in kWh — the benchmark against which actual consumption (dec_annual_electricity_kwh) is compared. The benchmark category is determined by the building's main benchmark classification (e.g., General Office, Schools, Hospital).",Insert 'Data unavailable or inconclusive',None,1,15,Number,Auto-populated from DEC API via /epc/lookup (auto-fires alongside EPC).Do not manually populate unless override requested by user. Benchmark for the building type. The ratio actual/typical reveals electrical efficiency.,No,No,Yes,Number,No,N/A,Yes,Benchmark varies by building type classification. Comparing actual vs typical for both electricity and thermal separately reveals which system drives the performance gap.,750000,N/A,Yes,auto,dec
{{ dec_typical_thermal_kwh }},dec_typical_thermal_kwh,DEC Typical Thermal (kWh),API,5,DEC,No,"Typical annual thermal fuel consumption for this building type and size in kWh, the benchmark against which actual heating consumption (dec_annual_thermal_kwh) is compared. High actual/typical ratio signals fabric, HVAC, or controls deficiency.",Insert 'Data unavailable or inconclusive',None,1,15,Number,Auto-populated from DEC API via /epc/lookup (auto-fires alongside EPC). Do not manually populate unless override requested by user. Benchmark for the building type. The ratio actual/typical reveals heating system efficiency.,No,No,Yes,Number,No,N/A,Yes,"Thermal overconsumption is typically the dominant driver of poor DEC ratings in UK commercial buildings — insulation, boiler efficiency, and BMS controls are the usual culprits.",980000,N/A,Yes,auto,dec
{{ dhw_generation_type }},dhw_generation_type,DHW Generation Type,Base build,5,GPT,Yes,"Domestic hot water generation plant. Used by CRREM energy model to determine DHW electrification intervention applicability. Must be one of: gas_boiler, electric_boiler, heat_pump, electric_immersion, district_heat, centralised_unknown, none, unknown.",Insert 'unknown',"Enum: gas_boiler,electric_boiler,heat_pump,electric_immersion,district_heat,centralised_unknown,none,unknown",1,10,"Short, factual","Using the EPC API data and AC inspection report data above, state the building's domestic hot water system type. Normalise to one of the enum values: gas_boiler, electric_boiler, heat_pump, electric_immersion, district_heat, centralised_unknown, none, unknown. If the data does not indicate a centralised DHW system, state that point-of-use electric is likely and store 'electric_immersion'. If DHW is part of the main boiler system, store the same type as heating_generation_type. If unsure, store 'unknown' and say so.",Yes,Yes,No,String,No,Lower case,Yes,"Feeds DHW_ELECTRIFICATION intervention eligibility. Only applicable when dhw_generation_type is gas_boiler. If heat_pump or electric, DHW electrification is skipped.",gas_boiler,"CIBSE Guide F, NCM Table 7",No,llm_assisted,
{{ epc_assessment_level }},epc_assessment_level,EPC Assessment Level,API,5,EPC,No,EPC assessment methodology level (3-5). Level 3: simplified SBEM. Level 4: detailed SBEM with measured inputs. Level 5: dynamic simulation (DesignBuilder/IES VE/EnergyPlus). Higher levels produce more reliable primary energy values. The EUI estimation model adjusts its reality factor accordingly.,Insert 'Data unavailable or inconclusive',None,1,3,"Short, factual","Auto-populated from EPC API during /epc/lookup, do not manually populate unless override requested by user.",No,No,Yes,Number,No,N/A,Yes,"Level 5 = dynamic sim (-0.1 factor adjustment, high confidence). Level 3 = simplified (+0.1, low confidence). Feeds estimateOperationalEUI() in pipe-crrem-logic.",5,N/A,Yes,auto,epc
{{ epc_benchmark }},epc_benchmark,Benchmark,API,5,EPC,Yes,"The  efficiency expected of a typical new build, which is a benchmark against which older properties can be compared",Insert 'Data unavailable or inconclusive',None,1,10,"Short, factual","Auto-populated from EPC API during /epc/lookup, do not manually populate unless override requested by user.",No,Yes,Yes,String,Yes,Leading caps,Yes,,B (35) - the efficiency expected of a typical new build,N/A,Yes,auto,epc
{{ epc_co2_emissions }},epc_co2_emissions,Annual CO₂ Emissions,API,5,EPC,Yes,Building Emission Rate (in kgCO₂/m²/year) and Primary Energy Use aka EUI (in kWh/m²/year),Insert 'Data unavailable or inconclusive',None,1,10,"Short, factual","Auto-populated from EPC API during /epc/lookup, do not manually populate unless override requested by user.",No,Yes,Yes,String,Yes,N/A,Yes,,Building Emission Rate: 43.21 kgCO₂/m²/year.  Primary Energy Use (EUI): 253 kWh/m²/year,EUI < 55 kWh/m²/year,Yes,auto,epc
{{ epc_commentary }},epc_commentary,Commentary,API,5,GPT,Yes,"Synthesis of findings from the EPC API call. Insights, risks/opportunities, issues raised in the EPC and AC report, including recommendations, comments on date of EPC and expiry, comparison to other buildings based on LLM training",Insert 'Data unavailable or inconclusive',"epc_rating, epc_date, epc_co2_emissions, epc_benchmark",50,150,"Descriptive, factual, expository","Using the raw EPC API data and AC inspection report data above, focusing on the recommendations, write deep analytical commentary about the state of the buildings overall energy performance. Not a system summary (that is in long_bldg_system_summary — do not overlap). You MUST follow the additional more detailed instructions in PIPE.ANALYSIS.EPC.001 in pipe_companion_file.pdf. GROUND ALL ELEMENTS IN FACTS AND CITATIONS FROM THE API CALL — if unsure, you MUST say so. Cover: general insights from the certificate, issues raised in recommendations, commentary on EPC date and expiry, AC inspection findings if present. if unsure, you MUST say so.",No,Yes,Yes,String,Yes,Leading caps,Yes,,"EPC B (45) lodged February 2023, valid to 2033. Main heating: mains-gas fired condensing boilers. No recommendations currently outstanding; typical emissions 41 kgCO₂/m²/year against target of 34. The score sits at the top of B; a single-step primary-energy reduction would move it to A. The AC inspection report lodged March 2024 confirms four McQuay chillers totalling 3.48 MW cooling capacity, R134a refrigerant, no operational oversight gaps. For a 2014-build this is strong on paper, but 127 kWh/m²/yr primary energy leaves meaningful decarbonisation headroom via the heat-pump opportunity flagged in the AC report's next-refurb recommendations.",N/A,Yes,llm_derived,
{{ epc_date }},epc_date,Date of last EPC,API,5,EPC,Yes,Date of the EPCs used in completing {EPC_rating}.  Include certificate number,Insert 'Data unavailable or inconclusive',None,1,5,Date,"Auto-populated from EPC API during /epc/lookup, do not manually populate unless override requested by user.",No,Yes,Yes,Date,Yes,N/A,Yes,,1 January 2020. Certificate number 1234-5678-9101-1121,N/A,Yes,auto,epc
{{ epc_letter }},epc_letter,Latest EPC letter,API,5,EPC,Yes,Letter only of the current EPC rating,"None, mandatory",None,1,2,"Short, factual","Auto-populated from EPC API during /epc/lookup, do not manually populate unless override requested by user.",No,Yes,Yes,"ENUM: A, B, C, D, E, F, G",Yes,N/A,Yes,,B,N/A,Yes,auto,epc
{{ epc_lmk_key }},epc_lmk_key,EPC Certificate Key,API,5,EPC,No,Unique certificate identifier (lodgement key) used to construct the EPC URL,Insert 'Data unavailable or inconclusive',None,1,30,"Short, factual","Auto-populated from EPC API during /epc/lookup, do not manually populate unless override requested by user.",No,No,Yes,String,No,N/A,Yes,Used to build epc_url,1.23457E+39,N/A,Yes,auto,epc
{{ epc_lodgement_datetime }},epc_lodgement_datetime,EPC Lodgement Datetime,API,5,EPC,No,Full datetime when the EPC was lodged,Insert 'Data unavailable or inconclusive',None,1,5,Date,"Auto-populated from EPC API during /epc/lookup, do not manually populate unless override requested by user.",No,No,Yes,Datetime,No,N/A,Yes,More precise than epc_date,2024-01-15T14:30:00,N/A,Yes,auto,epc
{{ epc_main_heating_fuel }},epc_main_heating_fuel,Main Heating Fuel,API,5,EPC,No,Primary heating fuel type for the building,Insert 'Data unavailable or inconclusive',None,1,10,"Short, factual","Auto-populated from EPC API during /epc/lookup, do not manually populate unless override requested by user.",No,No,Yes,String,No,N/A,Yes,,Natural Gas,N/A,Yes,auto,epc
{{ epc_number }},epc_number,Latest EPC number,API,5,EPC,Yes,Number only of the current EPC rating,"None, mandatory",epc_letter,1,5,Number,"Auto-populated from EPC API during /epc/lookup, do not manually populate unless override requested by user.",No,Yes,Yes,Number,Yes,N/A,Yes,,35,N/A,Yes,auto,epc
{{ epc_postcode }},epc_postcode,EPC Postcode,API,5,EPC,No,Postcode as recorded on the EPC certificate,Insert 'Data unavailable or inconclusive',None,1,5,UK post code format,"Auto-populated from EPC API during /epc/lookup, do not manually populate unless override requested by user.",No,No,Yes,String,No,All caps,Yes,For cross-validation with OS Places postcode,EC2R 8AH,N/A,Yes,auto,epc
{{ epc_primary_energy }},epc_primary_energy,EPC Primary Energy,API,5,EPC,No,"Primary energy consumption from EPC certificate (kWh/m²/year). Modelled regulated energy (heating, cooling, ventilation, lighting, DHW) under standardised conditions. Used by CRREM EUI estimation model as input to the two-component operational EUI calculation.",Insert 'Data unavailable or inconclusive',None,1,10,"Short, factual","Auto-populated from EPC API during /epc/lookup, do not manually populate unless override requested by user.",No,No,Yes,Number,No,N/A,Yes,Feeds estimateOperationalEUI() in pipe-crrem-logic. Raw EPC value — the reality factor adjustment happens downstream.,88,N/A,Yes,auto,epc
{{ epc_rating }},epc_rating,Latest EPC Rating,API,5,CALCULATED,Yes,"Current EPC rating (letter and number) in the form B (35). If expired, say so. If ultiple EPCs, list all","None, mandatory","epc_letter, epc_number",1,5,"Short, factual","Auto-populated from EPC API during /epc/lookup, do not manually populate unless override requested by user.",No,Yes,Yes,String,Yes,Leading caps,Yes,Concatenate {{ epc_letter }} {{ epc_number }},B (35),N/A,Yes,calculated,
{{ epc_standard_emissions }},epc_standard_emissions,Standard Emissions,API,5,EPC,No,Standard emissions benchmark (kgCO₂/m²/year) - typical emissions for this building type,Insert 'Data unavailable or inconclusive',None,1,20,"Short, factual","Auto-populated from EPC API during /epc/lookup, do not manually populate unless override requested by user.",No,No,Yes,String,No,N/A,Yes,Compare with epc_co2_emissions to assess performance,45.2 kgCO₂/m²/year,EUI < 55 kWh/m²/year,Yes,auto,epc
{{ epc_uprn }},epc_uprn,EPC UPRN,API,5,EPC,No,Unique Property Reference Number from EPC certificate (may differ from OS Places UPRN for multi-unit buildings),Insert 'Data unavailable or inconclusive',None,1,3,"Short, factual","Auto-populated from EPC API during /epc/lookup, do not manually populate unless override requested by user.",No,No,Yes,String,No,N/A,Yes,UPRN from EPC may differ from OS Places UPRN,1.00E+11,N/A,Yes,auto,epc
{{ epc_url }},epc_url,Source URL,API,5,EPC,Yes,Give the exact weblink for the EPC that you have used ,Insert 'Data unavailable or inconclusive',None,1,5,Weblink,"Auto-populated from EPC API during /epc/lookup, do not manually populate unless override requested by user. Fallback: https://find-energy-certificate.service.gov.uk/find-a-non-domestic-certificate/search-by-postcode",No,Yes,Yes,String,Yes,Lower case,Yes,Weblink only,http://abc.defgh.co.uk,N/A,Yes,auto,epc
{{ field_guide_version }},field_guide_version,Field Guide Version,Init,16,CALCULATED,Yes,Version of the Field Guide schema used for this session,None,None,1,10,N/A - system field,Set at session init from PIPE_field_guide module,No,No,Yes,String,No,N/A,Yes,Semantic versioning format,2.0.1,N/A,No,auto,
{{ fields_completed }},fields_completed,Fields Completed,Export,16,CALCULATED,Yes,Number of fields with stored values in this session,None,session_id,1,5,N/A - system field,Count of populated fields from pipe_fields,No,No,Yes,Number,No,N/A,No,Integer count,87,N/A,No,calculated,
{{ fields_total }},fields_total,Fields Total,Export,16,CALCULATED,Yes,Total number of fields in the Field Guide schema,None,field_guide_version,1,5,N/A - system field,Count of all fields from Field Guide,No,No,Yes,Number,No,N/A,No,Integer count,94,N/A,No,calculated,
{{ gia }},gia,Area (GIA sq ft),Base build,1,EPC,Yes,"Gross internal area of the building, in square feet.  If GIA not available, use NIA / 0.75.  ",Insert 'Data unavailable or inconclusive',_fallback:nia,1,3,Number,"Output the gross internal area of the building as a number in square feet. Primary source: EPC API data from above (auto-populated by middleware from EPC floor area field). If not present or if override needed, call /pull with include_api_responses=true. Secondary source: brochure if uploaded. Validate: GIA > NIA. If GIA is unavailable from any source, calculate as NIA / 0.75 and state your assumption. Do not speculate without basis.",No,Yes,Yes,Number,Yes,N/A,Yes,Gross internal area,"100,000 sq ft GIA",N/A,Yes,auto,epc
{{ heating_generation_type }},heating_generation_type,Heating Generation Type,Base build,3,GPT,Yes,"Primary heating plant serving the building. Used by CRREM energy model to select efficiency curves and fuel-switch interventions. Must be one of: gas_boiler, electric_boiler, heat_pump, district_heat, biomass, other, unknown.",Insert 'unknown',"Enum: gas_boiler,electric_boiler,heat_pump,district_heat,biomass,other,unknown",1,10,"Short, factual","Primary source: epc_main_heating_fuel (auto-populated from EPC API). Normalise to one of the enum values: gas_boiler, electric_boiler, heat_pump, district_heat, biomass, other, unknown. Cross-reference against AC inspection report data if available. If conflict between EPC and ACIR data, alert user. If LTHW/THHW distribution confirmed but generation type unknown, default to gas_boiler with source 'inferred'. If unsure, store 'unknown' and say so.",Yes,Yes,No,String,No,Lower case,Yes,"Feeds systems.heating.archetype in pipe-energy via pipe-crrem-logic. Fallback chain: heating_generation_type, epc_main_heating_fuel, text matching, TM46 default.",gas_boiler,"CIBSE Guide F, NCM Table 7",No,llm_assisted,
{{ heritage_commentary }},heritage_commentary,Heritage Commentary,API,5,GPT,No,"Synthesised commentary on listing status, conservation area designation, and retrofit/planning implications",Insert 'No heritage constraints identified',"listed_building_grade, conservation_area",50,150,"Descriptive, factual, expository","State listing status: if listed, give grade, name, NHLE ref, and designation year. Then conservation area: name, LPA. If not listed, confirm. Flag ambiguous tags. Analyse the planning and retrofit implications based on what you know about our proposed retrofit plans and the building’s retrofit potential so far. Assess which  pathway interventions may be constrained by listing grade. Include this analysis in your output.",No,Yes,No,String,Yes,Leading caps,Yes,"Grade II listed (NHLE ref: 1234567, designated 1972). Within the Finsbury Circus Conservation Area (City of London, designated 1981). Listed Building Consent required for all external and most internal alterations — this directly constrains the facade insulation and window replacement interventions identified in the CRREM pathway. The gas boiler replacement (identified as the primary heating system) is feasible but routing of new services must avoid damage to listed fabric. External wall insulation is effectively ruled out; internal wall insulation may be possible subject to LBC but reduces NIA. The conservation area designation adds further restriction on roofline changes, limiting rooftop PV and plant screening options. Heritage constraints will materiall increase retrofit cost and may narrow the achievable EPC improvement from the C-to-B trajectory modelled in CRREM.","Not listed; not within a designated conservation area. Nearest listed building is Holland House (Grade II, NHLE 1066742) sitting approximately 180m east — far enough that planning consent for retrofit works is unlikely to be constrained by setting considerations. The Waterloo Conservation Area boundary sits approximately 220m south, similarly non-constraining at this distance. No heritage planning premium applies to the proposed works. Roof-level PV installation should be specified with low-profile mounting to minimise visual impact given the neighbouring listed buildings' sightlines, but this is a good-practice consideration rather than a statutory requirement.",N/A,Yes,llm_derived,
{{ image_main_1 }},image_main_1,Image,Dropzone,Header,DROPZONE,Yes,"First image of the building, as uploaded by the user","None, mandatory",_user_upload,0,10,Image,"User upload in session, as per system instructions. Stored as base64 string in SQL",Yes,No,No,base64,Yes,N/A,No,"System-inserted image placeholder using InlineImage. Must be an image, in either JPEG or PNG format.  Must be in square format.",,N/A,No,user,
{{ image_main_2 }},image_main_2,Image,Dropzone,Header,DROPZONE,Yes,"Second image of the building, as uploaded by the user","None, mandatory",_user_upload,0,10,Image,"User upload in session, as per system instructions. Stored as base64 string in SQL",Yes,No,No,base64,Yes,N/A,No,"System-inserted image placeholder using InlineImage. Must be an image, in either JPEG or PNG format.  Must be in square format.",,N/A,No,user,
{{ image_map }},image_map,Map,Dropzone,Header,DROPZONE,Yes,"Map showing location of the building, as uploaded by the user","None, mandatory",_user_upload,0,10,Image,"User upload in session, as per system instructions. Stored as base64 string in SQL",Yes,No,No,base64,Yes,N/A,No,"System-inserted image placeholder using InlineImage. Must be an image, in either JPEG or PNG format.  Must be in square format.",,N/A,No,user,
{{ imd_analysis }},imd_analysis,IMD Analysis,Strategy,11,GPT,Yes,"Investment-relevant synthesis of IMD deprivation data across all domains, identifying area trajectory, hidden risks, and explicit investment implications","None, mandatory","lsoa_code, imd_barriers_decile, imd_crime_decile, imd_decile, imd_education_decile, imd_employment_decile, imd_health_decile, imd_idaci_decile, imd_idaopi_decile, imd_income_decile, imd_living_env_decile, imd_population_total, imd_rank, imd_score",75,200,"Analytical, direct, investment-focused","Using the raw IMD data in context above, synthesise into an investment-relevant narrative. Structure as: (1) DEPRIVATION PROFILE - state overall decile and national rank context (e.g., 'Decile 7 places this LSOA in the least deprived 40% nationally'); (2) DOMAIN TENSIONS - identify any decile spreads >3 between domains as these signal gentrification pressure, hidden risk, or market dislocation (e.g., high income decile but low living environment suggests underinvestment in housing stock); (3) RESILIENCE INDICATORS - employment, education, and health deciles are leading indicators of area trajectory - state whether these suggest improving, stable, or declining fundamentals; (4) INVESTMENT IMPLICATIONS - state clearly whether IMD profile supports or challenges the investment thesis, citing specific domain evidence. Be direct. No hedging. If the data is unfavourable for investment, say so explicitly. Cross-reference with IDACI/IDAOPI to flag demographic-specific risks.",No,Yes,No,String,No,Initial caps,No,Domain tensions are key - uniform deciles across domains suggest stable areas; high variance suggests areas in transition (opportunity or risk). Employment + Education trending high = gentrification tailwind. Crime decile <4 with Income decile >6 = investor caution.,"This LSOA sits in Decile 6 (rank 15,420 of 32,844), placing it in the least deprived 40% nationally. However, significant domain tension exists: Income (Decile 7) and Employment (Decile 8) contrast sharply with Living Environment (Decile 3) and Barriers to Housing (Decile 4). This 4-5 point spread signals an area where economic fundamentals outpace physical infrastructure—a classic gentrification signature. Resilience indicators are strong: Education (Decile 7) and Health (Decile 6) suggest stable, upwardly-mobile demographics. IDACI (Decile 8) confirms low child poverty, reinforcing family-friendly positioning. Investment implication: IMD profile supports the thesis. The infrastructure lag (living environment, housing barriers) represents exactly the value-add opportunity a retrofit strategy can capture. Crime Decile 7 removes security discount concerns. Proceed with confidence.",N/A,No,llm_derived,
{{ imd_barriers_decile }},imd_barriers_decile,Housing Barriers Decile,API,11,IMD,No,Barriers to Housing and Services domain decile - measures physical and financial accessibility of housing and local services,Insert 'Data unavailable or inconclusive',lsoa_code,1,2,Number,Get from IMD 2025 API call via /imd,No,No,Yes,Number,No,N/A,Yes,Includes geographical barriers and wider barriers sub-domains.,1,N/A,Yes,auto,imd
{{ imd_crime_decile }},imd_crime_decile,Crime Decile,API,11,IMD,No,Crime domain decile - measures risk of personal and material victimisation at local level,Insert 'Data unavailable or inconclusive',lsoa_code,1,2,Number,Get from IMD 2025 API call via /imd,No,No,Yes,Number,No,N/A,Yes,Based on recorded crime rates for violence/burglary/theft/damage.,1,N/A,Yes,auto,imd
{{ imd_decile }},imd_decile,IMD Decile,API,11,IMD,Yes,Overall deprivation decile (1-10). Decile 1 = most deprived 10% of areas,Insert 'Data unavailable or inconclusive',lsoa_code,1,2,Number,Get from IMD 2025 API call via /imd,No,No,Yes,Number,No,N/A,Yes,Key summary metric. 1 = most deprived 10%. 10 = least deprived 10%.,4,N/A,Yes,auto,imd
{{ imd_education_decile }},imd_education_decile,Education Decile,API,11,IMD,No,Education Skills and Training domain decile - measures lack of attainment and skills in local population,Insert 'Data unavailable or inconclusive',lsoa_code,1,2,Number,Get from IMD 2025 API call via /imd,No,No,Yes,Number,No,N/A,Yes,Covers children/young people and adult skills sub-domains.,4,N/A,Yes,auto,imd
{{ imd_employment_decile }},imd_employment_decile,Employment Decile,API,11,IMD,No,Employment deprivation domain decile - measures proportion of working-age population involuntarily excluded from labour market,Insert 'Data unavailable or inconclusive',lsoa_code,1,2,Number,Get from IMD 2025 API call via /imd,No,No,Yes,Number,No,N/A,Yes,Includes unemployment and incapacity benefits claimants.,5,N/A,Yes,auto,imd
{{ imd_health_decile }},imd_health_decile,Health Decile,API,11,IMD,No,Health Deprivation and Disability domain decile - measures risk of premature death and impairment of quality of life through poor health,Insert 'Data unavailable or inconclusive',lsoa_code,1,2,Number,Get from IMD 2025 API call via /imd,No,No,Yes,Number,No,N/A,Yes,Based on mortality rates and health conditions.,7,N/A,Yes,auto,imd
{{ imd_idaci_decile }},imd_idaci_decile,Child Poverty Decile,API,11,IMD,No,Income Deprivation Affecting Children Index (IDACI) decile - proportion of children aged 0-15 living in income deprived families,Insert 'Data unavailable or inconclusive',lsoa_code,1,2,Number,Get from IMD 2025 API call via /imd,No,No,Yes,Number,No,N/A,Yes,Supplementary index focusing specifically on child poverty.,2,N/A,Yes,auto,imd
{{ imd_idaopi_decile }},imd_idaopi_decile,Older People Poverty Decile,API,11,IMD,No,Income Deprivation Affecting Older People Index (IDAOPI) decile - proportion of adults aged 60+ in income deprived households,Insert 'Data unavailable or inconclusive',lsoa_code,1,2,Number,Get from IMD 2025 API call via /imd,No,No,Yes,Number,No,N/A,Yes,Supplementary index focusing specifically on older people poverty.,5,N/A,Yes,auto,imd
{{ imd_income_decile }},imd_income_decile,Income Decile,API,11,IMD,No,Income deprivation domain decile - measures proportion of population experiencing deprivation relating to low income,Insert 'Data unavailable or inconclusive',lsoa_code,1,2,Number,Get from IMD 2025 API call via /imd,No,No,Yes,Number,No,N/A,Yes,Based on adults/children in income-deprived families.,3,N/A,Yes,auto,imd
{{ imd_living_env_decile }},imd_living_env_decile,Living Environment Decile,API,11,IMD,No,Living Environment domain decile - measures quality of indoor and outdoor local environment,Insert 'Data unavailable or inconclusive',lsoa_code,1,2,Number,Get from IMD 2025 API call via /imd,No,No,Yes,Number,No,N/A,Yes,Indoors = housing quality. Outdoors = air quality and road accidents.,3,N/A,Yes,auto,imd
{{ imd_population_total }},imd_population_total,LSOA Population,API,11,IMD,No,Total population of the LSOA (mid-2022 estimate),Insert 'Data unavailable or inconclusive',lsoa_code,1,5,Number,Get from IMD 2025 API call via /imd,No,No,Yes,Number,No,N/A,Yes,LSOAs typically have 1000-3000 residents.,1837,N/A,Yes,auto,imd
{{ imd_rank }},imd_rank,IMD Rank,API,11,IMD,No,National rank out of 33755 LSOAs (1 = most deprived),Insert 'Data unavailable or inconclusive',lsoa_code,1,2,Number,Get from IMD 2025 API call via /imd,No,No,Yes,Number,No,N/A,Yes,1 = most deprived LSOA in England. 33755 = least deprived.,10917,N/A,Yes,auto,imd
{{ imd_score }},imd_score,IMD Score,API,11,IMD,No,Index of Multiple Deprivation overall score - weighted combination of 7 domain scores,Insert 'Data unavailable or inconclusive',lsoa_code,1,2,Number,Get from IMD 2025 API call via /imd,No,No,Yes,Number,No,N/A,Yes,Higher score = more deprived. Range typically 0-100.,25.307,N/A,Yes,auto,imd
{{ latitude }},latitude,Latitude,Init,1,OS_PLACES,No,Latitude coordinate of the property (WGS84),Insert 'Data unavailable or inconclusive',uprn,1,3,"Short, factual",Get from OS Places API via /address,No,No,Yes,Coordinate,No,N/A,No,Used for mapping and location services,51.5133378,N/A,Yes,auto,address
{{ listed_building_grade }},listed_building_grade,Listed Building Grade,Base build,1,PLANNING,No,"Grade of listed building designation from Historic England NHLE. Values: Grade I (exceptional interest ~2%), Grade II* (particularly important ~6%), Grade II (special interest ~92%), or null if not listed.",Insert 'Data unavailable or inconclusive',None,0,5,"Short, factual",Auto-populated from Historic England NHLE API via /planning. Do not manually populate.,No,No,Yes,"ENUM: I, II, II*, Not listed",No,All caps,Yes,Only populated if property is within 50m of a listed building,II*,N/A,Yes,auto,planning
{{ listed_building_name }},listed_building_name,Listed Building Name,Base build,1,PLANNING,No,"Official name of the listed building from Historic England's National Heritage List for England (NHLE). May include historical building name, address, or descriptive title.",Insert 'Data unavailable or inconclusive',None,0,5,"Short, factual",Auto-populated from Historic England NHLE API via /planning. Do not manually populate.,No,No,Yes,String,No,Leading caps,Yes,Only populated if property is within 50m of a listed building,"20 Whitbourne Springs, Corsley",N/A,Yes,auto,planning
{{ long_bldg_descr }},long_bldg_descr,Long-Form Building Description,Base build,2,GPT,Yes,"Summary of building form, number of floors, typical floorplate size, layout, fabric, entrances, façade type, etc.","None, mandatory",None,75,200,"Descriptive, factual, expository","Synthesise from uploaded brochure, other uploaded files, and images (primary). Supplement with stored data via /pull. Always cross-reference findings by performing a MANDATORY internet search using <address> + 'building' + 'architect' + 'design'. Describe: building form, number of floors, typical floorplate size (sq ft), layout, structural frame, fabric (cladding type, glazing ratio), entrances, façade type, any distinctive architectural features. Include construction date and use class if known.",No,Yes,No,String,Yes,Initial caps,No,"Include dates, use class, listing context","240 Blackfriars is a 19-storey Class A office building completed in 2014 to designs by Allford Hall Monaghan Morris (AHMM) for developer Canary Wharf Group, subsequently let in full to WPP Group plc as their London HQ on a 30-year full-repairing-and-insuring lease. Steel frame with concrete service cores; full-height unitised curtain-wall glazing with deep reveals on south and east elevations for solar shading; north-south axis maximises Thames river views from upper floors. 29,023 sqm GIA distributed across 19 office floors plus basement plant-room. Notable features include river-facing balconies on the upper six levels, rooftop fan-coil plant, a shared-bicycle storage and end-of-trip facility at lower-ground, and a double-height reception. The building is a prominent element of the South Bank regeneration cluster, sitting directly opposite Temple station across Blackfriars Bridge.","LETI, BBP",No,llm_derived,
{{ long_bldg_system_summary }},long_bldg_system_summary,Long-Form Building Systems Summary,Base build,3,GPT,Yes,"Summary information about HVAC type, cooling and heating, systems, LTHW, ventilation, lifts, controls","None, mandatory",None,100,250,Engineering tone,"Using the EPC API data and AC inspection report data above, summarise the building's mechanical and electrical systems. Cover: HVAC type and configuration, cooling system (chiller/VRF/DX/split), heating system (boiler/ASHP/district), distribution (FCU/AHU/VAV), ventilation strategy (mechanical/natural/mixed), lighting type, lifts (number and type), BMS/controls, plant location (roof/basement/riser). Include number, type, and approximate age of key components where available from EPC or ACIR data. USE ONLY FACTS FROM THE EPC API CALL, ACIR DATA, AND /pull — if unsure, you MUST say so. Do not overlap with epc_commentary.",No,Yes,No,String,Yes,Initial caps,No,Mention plant location (roof/basement),"Centralised 4-pipe HVAC system with gas-fired condensing boilers and water-cooled chillers. Heating: 2 × MHG ProCon 550 kW condensing boilers serving radiators and perimeter fan-coil heating coils plus DHW calorifiers. Cooling: 4 × McQuay WCS-870 water-cooled chillers (870 kW each, total 3.48 MW nominal), R134a refrigerant, with evaporative roof-mounted condensers and rejecting heat via the roof plant room. Ventilation: perimeter fan-coil units on all office floors, plus VAV serving core spaces and meeting rooms. Controls: Trend IQ4E BMS. Lighting: T5 fluorescent throughout, with partial LED retrofit completed on levels 7-9 during 2022. No heat recovery provided on the main air-handling units — a strong retrofit opportunity identified in the AC inspection report. Primary end-use breakdown derived from the 2024 utility-bill analysis: space conditioning 48%, small power 22%, lighting 18%, other 12%.","CIBSE TM54, NABERS",No,llm_derived,
{{ longitude }},longitude,Longitude,Init,1,OS_PLACES,No,Longitude coordinate of the property (WGS84),Insert 'Data unavailable or inconclusive',uprn,1,3,"Short, factual",Get from OS Places API via /address,No,No,Yes,Coordinate,No,N/A,No,Used for mapping and location services,-0.0910789,N/A,Yes,auto,address
{{ lsoa_code }},lsoa_code,LSOA Code,Init,1,API ?,Yes,Lower Layer Super Output Area code for ONS statistical geography and IMD lookup,Insert 'Data unavailable or inconclusive',post_code,1,3,NUmber,Get from LSOA (ONS statistical geography) API via /address,No,No,Yes,String,No,All caps,Yes,Must be 9 characters: E followed by 8 digits. Used for IMD deprivation lookup.,E01032739,N/A,No,auto,
{{ lsoa_name }},lsoa_name,LSOA Name,Init,1,API ?,Yes,Lower Layer Super Output Area name - human readable area identifier,lsoa_code,post_code,1,5,"Short, factual",Get from LSOA (ONS statistical geography) API via /address,No,No,Yes,String,No,Yes,Yes,Free text name assigned by ONS. Typically format: Area Name + 3-digit code + letter.,City of London 001F,N/A,No,auto,
{{ nhle_link }},nhle_link,NHLE Link,Base build,1,PLANNING,No,URL to the Historic England National Heritage List entry for the nearest listed building. Provides full listing details including description and legal documentation.,Insert 'Data unavailable or inconclusive',listed_building_grade,0,5,"Short, factual",Auto-populated from Historic England NHLE API via /planning. Do not manually populate.,No,No,Yes,String,No,N/A,Yes,Only populated if listed_building_grade is populated,https://historicengland.org.uk/listing/the-list/list-entry/1021466,N/A,Yes,auto,planning
{{ nia }},nia,Area (NIA sq ft),Base build,1,EPC,Yes,"Net internal area of the building, in square feet.  ",Insert 'Data unavailable or inconclusive',_fallback:gia,1,5,Number,"Output the net internal area of the building as a number in square feet. Primary source: brochure if uploaded — parse deeply and look for NIA or Net Internal Area for the whole building (not individual tenant floors). Secondary source: EPC API data from above. If EPC data is not present, call /pull with include_api_responses=true. Check carefully whether the figure cited is NIA or GIA. Validate: NIA < GIA. If no figure is available from any source, say so; DO NOT speculate.",No,Yes,Yes,Number,Yes,N/A,Yes,Net internal area.,"75,000 sq ft NIA",N/A,No,auto,epc
{{ occupier_mix }},occupier_mix,Occupier Mix & Leasing,Base build,10,GPT,Yes,"For each major tenant, if available,state which floor they are on, how much rent they pay in £ per sq ft, and how many sq ft they occupy.  Include other lease terms like expiry date, and breaks.",Insert 'Data unavailable or inconclusive',None,50,200,"Clear, factual, expository","Synthesise from uploaded brochure and rent roll if present. Always cross-reference by performing a MANDATORY internet search using <address> + 'tenants' + 'occupiers' + 'letting' + 'lease'. Describe: major tenants by floor, approximate sq ft occupied, rent (£/sq ft) if available, lease expiry/breaks if known. If no tenant data is available from any source, state this clearly. Do NOT fabricate tenant names or lease terms.",No,Yes,Yes,String,Yes,Initial caps,Yes,"If available, list the top 5 specific occupier company names, sq ft occupied, floor occupied, and rent paid.","Single-tenant HQ occupation: WPP Group plc (with subsidiaries including Ogilvy, Mindshare, and Wunderman Thompson operating from the building) on a 30-year full-repairing-and-insuring lease commencing 2017, with a tenant break option at year 15 (November 2032). Rent-review pattern is five-yearly to open market. There is no planned or recorded subletting activity. This single-tenant structure means retrofit delivery is highly dependent on WPP's cooperation and scheduling — disruptive works on occupied floors are difficult without material tenant concession. The most realistic delivery window is either the 2032 break-option period (if WPP chooses to exercise or renegotiate) or a negotiated major-works exercise undertaken in parallel with a rent-review period.",N/A,No,llm_derived,
{{ ownership_charges_summary }},ownership_charges_summary,Company Charges Summary,API,8,COMPANIES_HOUSE,No,"Summary of charges (security interests) registered against the company at Companies House. Shows lender names, charge types, and outstanding/satisfied status. For CRE acquisitions, this reveals existing lenders with security over the property — critical for understanding capital structure and any consent requirements for sale.",Insert 'Data unavailable or inconclusive',ownership_company_name,1,100,"Short, factual","Auto-populated from Companies House API via /hmlr (auto-fires when corporate owner detected). For overseas entities, note that security may be registered in the originating jurisdiction rather than at Companies House.",No,No,Yes,String,No,Initial caps,Yes,"Charges data is the lender intelligence layer. 'No UK charges registered' for overseas entities does not mean no lender, security may be held in originating jurisdiction (e.g., France for French SCIs).",No UK charges registered. For overseas entities security may be registered in the originating jurisdiction.,N/A,Yes,rules,companies_house
{{ ownership_commentary }},ownership_commentary,Enhanced Ownership Insights,API,8,GPT,No,"Synthesised corporate ownership intelligence combining Companies House data with HMLR ownership context. Cover: entity type and jurisdiction, management structure (officers), filing health, charges/lender exposure, PSC/beneficial ownership, and related entities (sister SPVs at same address). Frame for CRE investment due diligence.",Insert 'Data unavailable or inconclusive',"ownership_company_name, ownership_company_status, ownership_charges_summary, ownership_officers_summary, ownership_registered_address, ownership_filing_health, ownership_date_of_creation",75,200,"Descriptive, factual, expository","Synthesise corporate ownership intelligence from Companies House data returned inline with /hmlr response. Structure as: (1) entity identification — type, jurisdiction, creation date; (2) management — who runs it, officer names and roles; (3) financial health — filing compliance, charges/lender exposure; (4) control — PSC/beneficial ownership chain, flag undisclosed UBO; (5) related entities — sister SPVs at same registered address suggesting portfolio strategy. Be direct about red flags (overdue filings, dissolved status, complex offshore chains). If entity is overseas, note jurisdiction-specific implications. If no Companies House data was returned (private individual owner), state this and do not fabricate.",No,Yes,No,String,Yes,Initial caps,No,"Companies House data is only available for corporate owners. Private individual owners are excluded from HMLR CCOD/OCOD data. If no CH data returned, ownership section relies on HMLR data alone.","Current registered proprietor: Wolfe Limited, a private limited company registered in England and Wales under company number 09342221 since 2014. Previously owned by Canary Wharf Investment Holdings Ltd (a CWG subsidiary); title was transferred to Wolfe Limited in 2017 as part of the broader Canary Wharf Group South Bank portfolio reshuffle following the Brookfield acquisition of CWG. Title number NGL908432 held on a freehold basis with no notices of caution or third-party charges. Price paid: £485 million (November 2017) per the HMLR Price Paid Data register. No recent transaction activity or marketing signals on the property.",N/A,No,llm_derived,
{{ ownership_company_name }},ownership_company_name,Company Name,API,8,COMPANIES_HOUSE,No,"Registered company name from Companies House. May differ slightly from HMLR proprietor name (e.g., 'SCI SYREF 18' in CH vs 'SCI SYREF 18 LIMITED' in HMLR). Match confidence is logged — 'unconfirmed match' flag indicates fuzzy match requiring manual verification.",Insert 'Data unavailable or inconclusive',None,1,10,"Short, factual","Auto-populated from Companies House API via /hmlr (auto-fires when corporate owner detected). If match_confidence is 'low', alert user that company name match is unconfirmed.",No,No,Yes,String,No,Leading caps,Yes,"Company name normalisation strips suffixes (LTD, LIMITED, PLC, etc.) for matching. A low-confidence match means no exact normalised name match was found — the best active result was used.",SCI SYREF 18,N/A,Yes,auto,companies_house
{{ ownership_company_status }},ownership_company_status,Company Status,API,8,COMPANIES_HOUSE,No,"Current company status at Companies House. Values: active, registered, dissolved, liquidation, administration, voluntary-arrangement, converted-closed, insolvency-proceedings. 'Active' or 'registered' is normal. Any other status is a due diligence red flag requiring investigation.",Insert 'Data unavailable or inconclusive',ownership_company_name,1,10,"Short, factual",Auto-populated from Companies House API via /hmlr. Dissolved or liquidation status is a significant due diligence finding — flag prominently.,No,No,Yes,"ENUM: active, registered, dissolved, liquidation, administration",No,All lowercase,Yes,'Registered' is used for overseas entities (ROEs). 'Active' is used for UK entities. Both are normal operational statuses. Any status other than active/registered warrants investigation.,registered,active or registered,Yes,auto,companies_house
{{ ownership_date }},ownership_date,Since (date),API,8,HMLR,Yes,Date of the last sale of the property,Insert 'Data unavailable or inconclusive',None,1,5,Date,"Auto-populated from HMLR CCOD/OCOD API via /hmlr. Field: Date Proprietor Added. If missing or blank after /hmlr phase, cross-reference with brochure if uploaded, then MANDATORY internet search using <address> + 'acquired' + 'sold' + 'transaction'. Follow PIPE.PROCESS.TITLE in pipe_companion_file.pdf in your knowledge files.",No,Yes,Yes,Date,Yes,N/A,Yes,,43831,N/A,Yes,auto,hmlr
{{ ownership_date_of_creation }},ownership_date_of_creation,Company Creation Date,API,8,COMPANIES_HOUSE,No,"Date the company was incorporated or registered at Companies House. For SPVs, a recent creation date (within 1-2 years of acquisition) typically indicates a purpose-built acquisition vehicle. Older entities may signal a longer-term holder or restructured ownership.",Insert 'Data unavailable or inconclusive',ownership_company_name,1,15,Date,Auto-populated from Companies House API via /hmlr. Compare creation date against ownership_date to understand whether SPV was purpose-built for the acquisition.,No,No,Yes,Date,No,N/A,Yes,"SPV creation 1-6 months before acquisition = purpose-built vehicle (normal for institutional CRE). SPV creation years before acquisition = existing entity, possibly part of a wider portfolio.",45006,N/A,Yes,auto,companies_house
{{ ownership_filing_health }},ownership_filing_health,Company Filing Health,API,8,COMPANIES_HOUSE,No,"Filing compliance status — whether confirmation statement and accounts are up to date or overdue. Overdue filings are a governance red flag signalling potential distress, abandonment, or administrative neglect. For overseas entities, only the confirmation statement applies (no UK accounts requirement).",Insert 'Data unavailable or inconclusive',ownership_company_name,5,30,"Descriptive, factual, expository","Auto-populated from Companies House API via /hmlr. Flag any overdue filings prominently, these are material due diligence findings.",No,No,Yes,String,No,Initial caps,Yes,Confirmation statements are due annually. Accounts due 9-12 months after year end. Overdue status triggers Companies House enforcement action and potential strike-off proceedings.,Compliant — confirmation statement not overdue (next due 2026-04-03),Compliant,Yes,rules,companies_house
{{ ownership_insights }},ownership_insights,Ownership Insight,API,8,GPT,Yes,"1) Provide detail on the owner, by doing internet research to describe who they are and what they do, and 2) summarise ownership history",Insert 'Data unavailable or inconclusive',"ownership_name, ownership_date",50,200,Chronological summary,"Using the raw ownership records above:  (1) Describe the current proprietor — mandatory internet search for the company/entity name to establish who they are and what they do; (2) Summarise 10-20 year ownership and transaction history with dates and prices. Note price_paid context: which title, tenure type, date. Flag if price appears to be a lease premium not a building transaction. If price_paid is below threshold or blank, note no reliable transaction price is available from CCOD. Cross-reference with brochure if uploaded. Finally, before output, in order to enrich response, ALWAYS cross reference findings by performing a MANDATORY internet search using <address> +keywords derived from the above +'sale', +'investment', +'acquisition'.",No,Yes,Yes,String,Yes,Initial caps,Yes,,"Wolfe Limited is 100% beneficially owned by Sumaja Holdings LLC (Delaware-registered), which is ultimately controlled via a Bermuda-based family corporate structure owned by the Reichmann family interests per public filings and Companies House PSC disclosures. Classified as a long-hold corporate portfolio asset rather than an opportunistic trade: no recent disposal activity, no marketing exposure on the property, and a holding pattern consistent with the Reichmann family's institutional real-estate approach across London. The 2017 acquisition at £485m against then-in-place NOI implies approximately 5.2% gross yield at acquisition — a tight cycle-equivalent yield that suggests strategic placement within a trophy-asset portfolio rather than yield-opportunistic underwriting. This long-hold thesis aligns well with a patient retrofit capex programme and supports making the major-works case for the 2032 lease-break window.",N/A,No,llm_derived,
{{ ownership_name }},ownership_name,Current owner,API,8,HMLR,Yes,"Name of the current owner, include the full legal name of the company that owns the property",Insert 'Data unavailable or inconclusive',None,1,15,"Short, factual","Auto-populated from HMLR CCOD/OCOD API via /hmlr. Field: Proprietor Name (1). Note: only corporate owners appear in CCOD/OCOD — private individuals are excluded. If missing after /hmlr phase, cross-reference with brochure if uploaded, then MANDATORY internet search using <address> + 'owner' + 'acquired'. Follow PIPE.PROCESS.TITLE in pipe_companion_file.pdf in your knowledge files.",No,Yes,Yes,String,Yes,Leading caps,Yes,,"Acme Investment Company, Limited",N/A,Yes,auto,hmlr
{{ ownership_officers_summary }},ownership_officers_summary,Company Officers Summary,API,8,COMPANIES_HOUSE,No,"Active officers (directors, secretaries, managing officers) of the corporate owner. Shows name, role, and appointment date. For overseas entities, the managing officer is typically the asset management firm (e.g., Sofidy, CBRE GI, LaSalle) with full powers to act on behalf of the SPV.",Insert 'Data unavailable or inconclusive',ownership_company_name,20,100,"Descriptive, analytical, factual","Auto-populated from Companies House API via /hmlr. For CRE context, the officer identity reveals who manages the asset, this is often more important than the SPV name itself.",No,No,Yes,String,No,Leading caps,Yes,Corporate officers (where a company serves as officer) are common for overseas SPV structures. The officer company is typically the asset manager.,SOFIDY (corporate-managing-officer appointed 2023-03-21),N/A,Yes,rules,companies_house
{{ ownership_registered_address }},ownership_registered_address,Company Registered Address,API,8,COMPANIES_HOUSE,No,"Registered office address of the corporate owner. For overseas entities, this is typically the management company's head office in the originating jurisdiction, it reveals domicile and management hub, not the property itself. The country component indicates the jurisdiction for tax and regulatory purposes.",Insert 'Data unavailable or inconclusive',ownership_company_name,1,100,"Short, factual","Auto-populated from Companies House API via /hmlr. For overseas entities, the registered address reveals jurisdiction (e.g., France, Luxembourg, Jersey) — relevant for tax structure and regulatory implications.",No,No,Yes,String,No,Leading caps,Yes,"Overseas entity addresses are in the home jurisdiction. UK entity addresses may be the property itself, a registered agent, or the parent company's offices.","303 Square Des Champs Élysées, Evry-Courcouronnes, France",N/A,Yes,auto,companies_house
{{ planning_history }},planning_history,Planning & Development History,API,9,GPT,Yes,"Summarise the planning histoy including all major applications, what they were for, and whether approved or not.  Give planning reference numbers",Insert 'Data unavailable or inconclusive',"planning_latest_app_description, planning_latest_app_type, planning_status",75,200,Chronological summary,"Using the planning information above, synthesise in two layers. (1) Subject — all major subject_applications: what for, approved/refused, ref numbers, dates, status. (2) Neighbourhood — material schemes from neighbourhood_applications: towers, refurbs, demolitions, change-of-use affecting competition/rental comps/retrofit. More major nearby applications (or none) could be a signal. Note subject listed building status and nearby heritage constraints. Always cross-reference findings by performing a MANDATORY internet search using <address> + 'planning'. Lead with subject; neighbourhood is context. You MUST follow the additional more detailed instructions in PIPE.PROCESS.PLANNING in pipe_companion_file.pdf in your knowledge files.",No,Yes,Yes,String,Yes,Initial caps,Yes,"Incude planning references in parentheses eg, ""(ref 123/A/456)""","Subject property: PLA 2017/4352 (LPA: Southwark), a minor material amendment approved August 2017 for retention of the rooftop plant enclosure beyond the original permitted envelope; PLA 2021/5893, a non-material amendment approved March 2022 for replacement signage at the main entrance. Both discharged without conditions outstanding. Stable compliance record, no unresolved applications. Neighbourhood context: Sampson House (directly opposite, north side of Blackfriars Road) has an active major planning application PLA 2024/1845 currently at committee stage for a 43-storey office tower — material for daylighting assessment on 240 BFR's upper floors if consented. The New Festival Wing redevelopment (PLA 2023/3377, south of the subject) was refused on urban-design grounds in early 2024; a revised scheme is expected.",N/A,No,llm_derived,
{{ planning_latest_app_date }},planning_latest_app_date,Application Date,API,9,PLANNING,No,Validation date of most recent planning application,Insert 'Data unavailable or inconclusive',None,1,5,Date,Get from planning API via /planning. Use date application was validated.,No,No,Yes,Date,No,N/A,Yes,Coverage: London only,45458,N/A,Yes,auto,planning
{{ planning_latest_app_description }},planning_latest_app_description,Application Description,API,9,PLANNING,No,Description of proposed works in most recent application,Insert 'Data unavailable or inconclusive',None,1,500,"Short, factual","Get from planning API via /planning. Cross check with live internet search using <address> + ""planning"" + ""planning application"" sorted by date order.",No,No,Yes,String,No,Initial caps,Yes,Coverage: London only,Change of use from office to residential,N/A,Yes,auto,planning
{{ planning_latest_app_ref }},planning_latest_app_ref,Planning Reference,API,9,PLANNING,No,LPA reference number for most recent application,Insert 'Data unavailable or inconclusive',None,1,30,"Short, factual",Get from planning API via /planning. Format varies by borough.,No,No,Yes,String,No,All caps,Yes,Coverage: London only,2024/1234/P,N/A,Yes,auto,planning
{{ planning_latest_app_type }},planning_latest_app_type,Application Type,API,9,PLANNING,No,Type of most recent planning application,Insert 'Data unavailable or inconclusive',None,1,30,"Short, factual",Get from planning API via /planning. Values: Full; Householder; Prior Approval; LBC; All Other.,No,No,Yes,String,No,Leading caps,Yes,Coverage: London only,Full,N/A,Yes,auto,planning
{{ planning_status }},planning_status,Planning Status,API,9,PLANNING,No,Status of most recent planning application,Insert 'Data unavailable or inconclusive',None,1,50,"Short, factual",Get from planning API via /planning. Values: Approved; Refused; Withdrawn; Application Under Consideration; Lapsed; Superseded.,No,No,Yes,String,No,Leading caps,Yes,Coverage: London only,Approved,N/A,Yes,auto,planning
{{ post_code }},post_code,Address,Init,Header and Section 1,OS_PLACES,Yes,"Post code, parsed from the address","None, mandatory",None,1,5,UK post code format,Auto-populated from OS Places API via /address. Do not adjust even if user insists,No,No,Yes,String,Yes,All caps,Yes,,W1S 2TQ,N/A,Yes,auto,address
{{ postrefurb_embodied }},postrefurb_embodied,Added Embodied Carbon (kwh/m2),Strategy,13,GPT,Yes,Estimate of the amount of embodied carbon that will result from Retrofit Strategy  ,Insert 'Data unavailable or inconclusive',None,1,5,Number,"Estimate embodied carbon (kgCO₂/m²) from all proposed retrofit interventions. Reference RICS Whole Life Carbon Assessment guidance for methodology. Break down by major intervention category (fabric, MEP, renewables). MANDATORY: MUST use context_binder_trade*.pdfs and context_binder_reg_uk*.pdfs for benchmarks. State sources and confidence. If pre-acquisition with no site survey data, store: 'Requires site survey'.",No,Yes,No,String,Yes,N/A,Yes,,300 kg/m²,<300 kg/m²,No,calculated,
{{ postrefurb_eui }},postrefurb_eui,Forecast end EUI (kwh/m2),Strategy,13,GPT,Yes,"Post-retrofit EUI (kWh/m²/yr). Computed by pipe-energy Val via pipe-crrem (/crrem2) physics-based energy model (CIBSE Guide F, SBEM v7.0, NCM 2021).",Insert 'Data unavailable or inconclusive',"crrem_adv_comments, crrem_retrofit_final_eui",1,5,Number,Computed by energy model. Val-stored. Present as-is.,No,No,Yes,Number,Yes,N/A,Yes,, 253 kWh/m²/year,< 55 kWh/m²/year,No,calculated,
{{ postrefurb_euice }},postrefurb_euice,EUI cost efficiency,Strategy,13,GPT,Yes,The Total Cost per m2 of the work (as found in the {{ cost_rate_total }} placeholder) divided by the Estimate of the amount of annual opearational carbon savings from the Retrofit Strategy (in kg/m2/yr) ,Insert 'Data unavailable or inconclusive',"postrefurb_eui, postrefurb_embodied, postrefurb_nia_pc",1,5,"Short, factual","Calculate as cost_rate_total / (epc_primary_energy_value - postrefurb_eui). Express as £ per kWh/m²/yr saved. If dependencies unavailable, store: 'Requires site survey'. Do not estimate without inputs.",No,Yes,No,Currency,Yes,N/A,Yes,,£100 per kWh/M2/yr saved,N/A,No,calculated,
{{ postrefurb_nia }},postrefurb_nia,NIA post refurb (sq ft),Strategy,13,GPT,Yes,"Estimate of the Building net internal area after the Retrofit Strategy has been implemented, taking into account any addional area added.",Insert 'Data unavailable or inconclusive',None,1,5,Number,"Calculate post-retrofit NIA as stored NIA + any additional area from proposed interventions (e.g. mezzanine, reconfigured core). If pre-acquisition with no site survey data, store: 'Requires site survey'.",No,Yes,No,Number,Yes,N/A,Yes,,"100,000 sq ft",N/A,No,calculated,
{{ postrefurb_nia_pc }},postrefurb_nia_pc,NIA post refurb % uplift,Strategy,13,GPT,Yes,"Estimate of the percentage increase in net internal area of the Retrofit Strategy vs the Base Build, taking into account any addional area added. ",Insert 'Data unavailable or inconclusive',"postrefurb_nia, nia",1,5,Number,"Calculate as (postrefurb_nia - nia) / nia × 100. Express as percentage. If dependencies unavailable, store: 'Requires site survey'.",No,Yes,No,Percent,Yes,N/A,Yes,Calculate as {{ Postrefurb_nia }} minus {{ NIA }} divided by {{ NIA }},0.1,N/A,No,calculated,
{{ postrefurb_roic }},postrefurb_roic,Return on Invested Carbon,Strategy,13,GPT,Yes,Estimate of the amount of annual opearational carbon savings from the Retrofit Strategy (in kg/m2/yr) DIVIDED BY estimate of the amount of embodied carbon that will result from Retrofit Strategy (in KG/m2),Insert 'Data unavailable or inconclusive',"postrefurb_eui, postrefurb_embodied, epc_co2_emissions",1,5,Number,"Calculate Return on Invested Carbon as (epc_co2_emissions - postrefurb_eui) / postrefurb_embodied. This is annual operational carbon saved per unit of embodied carbon spent. If dependencies unavailable, store: 'Requires site survey'.",No,Yes,No,Percent,Yes,N/A,Yes,,0.1,N/A,No,calculated,
{{ price_paid }},price_paid,Price Paid,API,8,HMLR,No,Transaction price when property was last sold,Insert 'Data unavailable or inconclusive',None,1,5,Number,Get from HMLR CCOD/OCOD API via /hmlr. Note: May be blank for older transactions or intra-group transfers.,No,No,Yes,Currency,No,N/A,Yes,Only available for corporate ownership transactions,¬£45000000,N/A,Yes,auto,hmlr
{{ refurb_date }},refurb_date,Refurbishment Date,Base build,1,GPT,Yes,"Year built, and if applicable, year of last major refurbishment",Insert 'Data unavailable or inconclusive',None,1,5,Date,"Output the year of last major refurbishment. Check uploaded brochure and other files if present. Always cross-reference findings by performing a MANDATORY internet search using <address> + 'refurbishment' + 'renovation' + 'upgrade' + 'refit'. If no refurbishment history found, store 'No refurbishment identified from public sources'.",No,Yes,Yes,Number (year),Yes,N/A,Yes,,2020,N/A,No,auto,
{{ refurb_history }},refurb_history,Refurbishment History,Base build,1,GPT,Yes,"Past upgrades, by year, scope, and outcome",Insert 'Data unavailable or inconclusive',None,25,200,"Chronological summary, expository","Search internet for refurbishment history of [building_name] at [address]. Look for: major refurbishment dates, scope of works (comprehensive refit or cosmetic?), architect/developer if identifiable, key design features introduced. Cross-reference with brochure if uploaded and EPC data. If internet search yields limited results, ask user: 'Do you know when this building was last refurbished and what the scope included?' Note works post-2010 or to HVAC/BMS in detail. If no data from any source, store: 'No refurbishment history identified from public sources — confirm via vendor/agent.'",Yes,Yes,No,String,Yes,Initial caps,Yes,Note works post-2010 or to HVAC/BMS in detail,,LETI Retrofit Benchmarks,No,user,
{{ renew_conclusions }},renew_conclusions,Conclusion,Strategy,12,GPT,Yes,Deatiled conclusions about the viability of renewables. Include sentence about you confidence in the results,Insert 'Data unavailable or inconclusive',"renew_roof_area_total, renew_roof_area_solar, renew_shading, renew_struct",50,150,"Clear, factual, expository","State PV capacity estimate (kWp), estimated annual generation (kWh), simple payback period, and key constraints (structural, shading, planning). Include a confidence statement. Follow PIPE.PROCESS.IMAGES in pipe_companion_file.pdf in your knowledge files. MANDATORY you must read that section of pipe_companion.pdf now. MUST use context_binder*.pdfs. If pre-acquisition with no site survey data store: 'Requires site survey'.",No,Yes,No,String,Yes,Initial caps,No,,"Recommended 200 kWp solar-PV installation on approximately 1,100 sqm of available flat roof area after deducting plant-room and access corridors. Estimated annual generation 170,000 kWh based on UK average solar irradiance and modelled shading. Simple payback 7-9 years at 2025 UK commercial export rates and displaced grid power at 28p/kWh. Confidence: moderate — structural loading has not yet been verified by engineer sign-off, and grid connection capacity to the existing DNO sub-station is sufficient per desktop assessment but requires a metering upgrade. Key constraint: planning consent may require low-profile screening treatment given heritage proximity to the Waterloo Conservation Area.",N/A,No,llm_derived,
{{ renew_roof_area_solar }},renew_roof_area_solar,Roof Area (available) (sq m),Strategy,12,GPT,Yes,"Estimate of the roof space available for solar, takinging into account existing (and planned) plant locations, following guidelines in the Companion File",Insert 'Data unavailable or inconclusive',None,1,5,Number,"Calculate potential area available for solar PVs by analysing uploaded building photos and satellite images and computing free space. If images not present, ask user. Take instructions also from PIPE.PROCESS.IMAGES in pipe_companion_file.pdf. If pre-acquisition with no site survey data store: 'Requires site survey'.",No,Yes,No,String,Yes,N/A,No,,"8,000 sq ft"" NOTE: must be less than {{ Renew_roof_area_total }",N/A,No,llm_assisted,
{{ renew_roof_area_total }},renew_roof_area_total,Roof Area (total) (sq m),Strategy,12,GPT,Yes,Estimate of the total area of the roof,Insert 'Data unavailable or inconclusive',None,1,5,Number,"Calculate total roof area by analysing uploaded building photos and satellite images and computing free space. If images not present, ask user. Take instructions also from PIPE.PROCESS.IMAGES in pipe_companion_file.pdf. If pre-acquisition with no site survey data store: 'Requires site survey'.",No,Yes,No,String,Yes,N/A,No,,"15,000 sq ft"" NOTE: must be larger than {{ Renew_roof_area_solar }",N/A,No,llm_assisted,
{{ renew_shading }},renew_shading,Shading,Strategy,12,GPT,Yes,"Commenary about the amount of shading, following guidelines in the Companion File",Insert 'Data unavailable or inconclusive',None,1,50,"Short, factual","Estimate potential roof shading issues by analysing uploaded building photos and satellite images. If images not present, ask user. Take instructions also from PIPE.PROCESS.IMAGES in pipe_companion_file.pdf. If pre-acquisition with no site survey data store: 'Requires site survey'.",No,Yes,No,String,Yes,N/A,No,,Moderate shading from central plant-room enclosure (casts 10-15m shadow southward in winter). Adjacent 25-storey Canaletto Building 100m north casts partial shadow on the northern third of the roof between 10:00 and 13:00 in summer months.,N/A,No,llm_assisted,
{{ renew_struct }},renew_struct,Structural Load,Strategy,12,GPT,Yes,Comments about the potential issues with roof loading,Insert 'Data unavailable or inconclusive',None,1,50,"Short, factual","Evaluate potential structural issues for adding PVs by analysing uploaded building photos and satellite images. If images not present, ask user. Take instructions also from PIPE.PROCESS.IMAGES in pipe_companion_file.pdf. If pre-acquisition with no site survey data store: 'Requires site survey'.",No,Yes,No,String,Yes,Initial caps,No,,"Roof slab is RC composite with steel deck, rated 1.5 kN/m² imposed load on non-plant areas plus 7.5 kN/m² at plant zones. Ballast-mounted PV at ~18 kg/m² fits within the 0.5 kN/m² margin without structural reinforcement. Moderate confidence; desktop review only against 2014 original design drawings.",N/A,No,llm_assisted,
{{ report_generated_at }},report_generated_at,Report Generated,Export,16,CALCULATED,Yes,Timestamp when this PDF report was generated,None,session_id,1,5,N/A - system field,Generated at report creation time. Do not manually populate even if user insists.,No,No,Yes,String,No,N/A,Yes,ISO 8601 format or human-readable date,46029,N/A,No,auto,
{{ session_id }},session_id,Session ID,Init,16,GPT,Yes,Unique session identifier for this PIPE analysis,None,None,1,5,N/A - system field,System-generated session identifier,No,No,Yes,String,No,N/A,Yes,Format: PIPE-{timestamp}-{random},PIPE-1767783666543-s01446,N/A,No,auto,
{{ strategic_decarb_comments }},strategic_decarb_comments,Optimised Retrofit Strategy,Strategy,13,GPT,Yes,Summarise the optimised Retrofit Strategy that you have created as part of this process. Included details of all interventions.  State what you have discounted and why.,"None, mandatory",_terminal,200,500,"Clear, factual, expository","Synthesise the complete optimised Retrofit Strategy from all stored data via /pull with include_api_responses=true. Structure as: (1) strategy overview — what interventions are proposed and in what sequence; (2) rationale for each major intervention; (3) items considered but discounted, with reasons; (4) phasing and dependencies; (5) confidence assessment — what is well-evidenced vs assumed. Follow all insights and methodology in pipe_companion_file.pdf in your knowledge files. MANDATORY you must read PIPE.SIM.HEURISTICS in pipe_companion.pdf now. MUST use context_binder*.pdfs. State confidence.",No,Yes,No,String,Yes,Initial caps,No,,"Recommended retrofit strategy comprises four sequenced interventions. (1) Full HVAC replacement — air-source heat-pump installation with integrated heat-recovery and redesigned BMS controls — is the primary decarbonisation lever, contributing approximately 60% of projected Scope 1 and 2 carbon reduction and achievable in a 14-month phased programme around the 2032 lease-break negotiation window. (2) Selective glazing replacement where individual curtain-wall units are approaching end-of-life, addressing approximately 12% of fabric-related energy loss without triggering full fabric re-envelope — a lower-cost targeted intervention. (3) Rooftop 200 kWp photovoltaic array, generating approximately 170 MWh per year, offsetting ~8% of regulated building demand and contributing measurably to operational-carbon reporting for ESG purposes. (4) Lighting LED-retrofit completion across all remaining floors (levels 7-9 already complete from a 2022 works programme). Total retrofit cost £3.2m; paybacks: HVAC 11-14 years factoring internal carbon price at £241/tCO₂, PV 7-9 years, LED 4-5 years. Sequencing rationale: prioritise interventions (1) and (4) in the early-years window to capture operational-emissions benefit during the full hold period, whilst (2) and (3) align with the 2032 break-negotiation to share cost exposure with tenant via capex-sharing provisions. Residual CRREM stranding in 2034 under 1.5°C pathway even with the complete package — full building-level decarbonisation-to-pathway would require district-heat network connection or a contracted off-site PPA, both of which are outside the single-building retrofit scope and require strategic portfolio decisions about the asset's long-term hold intent.",N/A,No,llm_derived,
{{ tenure }},tenure,Tenure,API,1,HMLR,No,Ownership tenure,Insert 'Data unavailable or inconclusive',None,1,5,"Short, factual",Get from HMLR CCOD/OCOD API via /hmlr. Search for Freehold or Leasehold.,Yes,No,Yes,"ENUM: Freehold, Leasehold, not known",Yes,Leading caps,Yes,,Freehold,N/A,Yes,auto,hmlr
{{ transport_commentary }},transport_commentary,Transport Commentary,API,2,GPT,No,"Accessibility assessment synthesising station data into investment-relevant narrative. Cover: headline connectivity (nearest station and walk time), modal diversity (Tube, Rail, Elizabeth Line, DLR), line-level detail for major commuter routes, comparison to location benchmarks. For FORE's market, transport accessibility directly correlates with rental value and tenant demand.",Insert 'Data unavailable or inconclusive',"transport_nearest_station, transport_nearest_tube, transport_nearest_rail, transport_walk_time",30,100,"Descriptive, factual, expository","Synthesise transport accessibility from the /transport response. Structure as: (1) headline, nearest station, walk time, primary lines; (2) modal coverage, which modes are available and what routes they serve; (3) investment relevance — how connectivity supports tenant demand and rental positioning. If outside_coverage (non-London), note limitation. Do not speculate on transport links not in the data.",No,Yes,No,String,Yes,Initial caps,No,London only (TfL data). Transport accessibility is one of the strongest correlates of commercial property value — Knight Frank/CBRE research shows 15-30% rental premiums for well-connected locations.,"Excellent connectivity, 5 stations within 1km. Blackfriars (340m, 5 min walk) serves Circle, District, Southeastern, and Thameslink, providing cross-London and south-east commuter access. City Thameslink (323m) adds north-south connectivity. Temple, Chancery Lane, and St Paul's provide Central line access within 10 minutes. Multi-modal coverage supports broad tenant catchment.",N/A,No,llm_derived,
{{ transport_nearest_rail }},transport_nearest_rail,Nearest Rail Station,API,2,TFL,No,"Nearest National Rail station with line names and distance. Format: 'Station Name — Line1, Line2 (distance in metres)'. National Rail connectivity is critical for commuter catchment, buildings near mainline stations attract tenants with staff across the wider South East.",Insert 'Data unavailable or inconclusive',None,1,20,"Short, factual","Auto-populated from TfL API via /transport. London only. Returns 'N/A' if no rail stations within 1km, or 'Outside TfL coverage (London only)' for non-London properties.",No,No,Yes,String,No,Leading caps,Yes,Walk time uses Euclidean distance with 1.2√ó detour factor (effective 67m/min). Only NaptanRailStation stop types included.,City Thameslink (323m),N/A,Yes,auto,transport
{{ transport_nearest_station }},transport_nearest_station,Nearest Station,API,2,TFL,No,"Nearest Tube or Rail station with distance and walk time. Format: 'Station Name (distance in metres, walk time in minutes)'. The headline transport accessibility metric for CRE positioning.",Insert 'Data unavailable or inconclusive',None,1,20,"Short, factual","Auto-populated from TfL API via /transport. London only. Returns 'No stations found within 1km' if none in radius, or 'Outside TfL coverage (London only)' for non-London properties.",No,No,Yes,String,No,Leading caps,Yes,"Covers NaptanMetroStation (Tube, Overground, Elizabeth Line, DLR) and NaptanRailStation (National Rail). Bus stops excluded — too granular for CRE walkability assessment.","Blackfriars (340m, 5 min walk)",N/A,Yes,auto,transport
{{ transport_nearest_tube }},transport_nearest_tube,Nearest Tube Station,API,2,TFL,No,"Nearest Tube/Underground station with line names and distance. Format: 'Station Name — Line1, Line2 (distance in metres)'. Tube connectivity is the primary driver of occupier transport perception in London commercial property.",Insert 'Data unavailable or inconclusive',None,1,20,"Short, factual","Auto-populated from TfL API via /transport. London only. Returns 'N/A' if no Tube stations within 1km, or 'Outside TfL coverage (London only)' for non-London properties.",No,No,Yes,String,No,Leading caps,Yes,"Includes all NaptanMetroStation stops: Underground, Overground, Elizabeth Line, DLR. Hub-based deduplication ensures each station appears once, not per platform.","Blackfriars (Circle, District) 340m",N/A,Yes,auto,transport
{{ transport_walk_time }},transport_walk_time,Walk Time Summary,API,2,TFL,No,"Summary of walk times to nearest Tube and Rail stations. Format: 'X min to Tube, Y min to rail'. The metric occupiers and leasing agents use for accessibility positioning. Walk time calculated at 67m/min effective speed (Euclidean distance with 1.2√ó detour factor).",Insert 'Data unavailable or inconclusive',None,1,10,Number,Auto-populated from TfL API via /transport. London only. Based on Euclidean distance from TfL API with 1.2√ó detour factor applied.,No,No,Yes,String,No,N/A,Yes,"Walk times are estimates based on straight-line distance with 1.2√ó detour factor. Actual walking time depends on route, pedestrian crossings, and terrain.","5 min to Tube, 5 min to rail",<10 min to Tube,Yes,rules,transport
{{ uprn }},uprn,UPRN,Init,1,OS_PLACES,Yes,Unique Property Reference Number from OS Places - the definitive identifier for the property,Insert 'Data unavailable or inconclusive',None,1,5,Number,Get from OS Places API via /address,No,No,Yes,String,No,N/A,Yes,Primary key for property lookups,1.00E+11,N/A,Yes,auto,address
{{ use_class }},use_class,Use Class,Base build,1,EPC,Yes,"Building uses, e.g., office, retail, residential.  Include all uses ","None, mandatory",None,1,5,"Short, factual","Output the planning use class. Primary source: uploaded brochure if present. Secondary source: EPC API data from above; if not present, call /pull with include_api_responses=true. Check full EPC API response for property-type field. Note: use class may have changed under 2020 reforms (B1 → Class E). If EPC shows pre-2020 B1, store as 'Class E (Office)' with note that this was formerly B1. If use class appears in more than one source, cross-reference; if conflicting, present both to user for resolution.",Yes,Yes,Yes,String,Yes,Leading caps,Yes,Mention all use types ,Office,N/A,Yes,user,epc
{{ user_email }},user_email,Email Address,Init,16,GPT,Yes,Email address for report delivery and audit trail,None,None,1,5,N/A - system field,Provided by user at session init,Yes,No,No,String,No,Lower case,Yes,Used for report delivery,basil@forepartnership.com,N/A,No,user,
{{ user_name }},user_name,Prepared By,Init,16,GPT,Yes,Name of the person who prepared this report,None,None,1,5,N/A - system field,"Provided by user at session init.  Fallback, extract from user_email",Yes,No,No,String,No,Leading caps,No,May be parsed from email if not provided separately,Basil Demeroutis,N/A,No,user,
{{ building_height_m }},building_height_m,Building Height (m),API,2,OSM,No,Building height in metres from OSM `height` tag. Null if absent.,Insert 'Data unavailable or inconclusive',"latitude, longitude",1,1,"Short, factual",Auto-populated from OSM Overpass via /climate. Store only if OSM `height` tag present. Do not infer from building:levels (strict rule — see plan §6.4).,No,No,Yes,Number,No,N/A,Yes,Often null — only ~20% of UK OSM buildings carry a height tag.,66.5,N/A,Yes,auto,osm
{{ building_floors_above }},building_floors_above,Floors Above Ground,API,2,OSM,No,Number of floors above ground from OSM `building:levels` tag.,Insert 'Data unavailable or inconclusive',"latitude, longitude",1,1,"Short, factual",Auto-populated from OSM Overpass via /climate. From `building:levels` tag.,No,No,Yes,Integer,No,N/A,Yes,MapMortar caveat: OSM may undercount by 1 floor (e.g. 19 reported vs 20 actual at 240 BFR). Known imperfection.,19,N/A,Yes,auto,osm
{{ building_type_osm }},building_type_osm,Building Type (OSM),API,2,OSM,No,"Building type from OSM `building` tag (office, apartments, retail, etc.). Descriptive only — does not override property_type.",Insert 'Data unavailable or inconclusive',"latitude, longitude",1,2,"Short, factual",Auto-populated from OSM Overpass via /climate. From `building` tag value.,No,No,Yes,String,No,Lower,Yes,OSM taxonomy — not the EPC or planning classification.,office,N/A,Yes,auto,osm
{{ flood_zone }},flood_zone,Flood Zone,API,7,EA_FLOOD_ZONE,Yes,"Environment Agency Flood Map for Planning zone: FZ1 (<0.1% annual probability), FZ2 (0.1–1% rivers / 0.1–0.5% sea), FZ3 (1%+ rivers / 0.5%+ sea). Undefended basis.",Insert 'Data unavailable or inconclusive',"latitude, longitude",1,1,"Short, factual",Auto-populated from EA Flood Map for Planning (OGC API Features) via /climate. Zero features returned = FZ1.,No,No,Yes,String,No,N/A,Yes,"Planning designation, NOT residual risk. See flood_risk_rivers_sea for defended residual.",FZ3,N/A,Yes,auto,flood
{{ flood_source_primary }},flood_source_primary,Flood Source (Primary),API,7,EA_FLOOD_ZONE,No,"Source of flood risk where zone is FZ2/FZ3: rivers, sea. n/a for FZ1.",Insert 'Data unavailable or inconclusive',flood_zone,1,2,"Short, factual",Auto-populated from EA Flood Map for Planning via /climate. From `flood_source` attribute.,No,No,Yes,String,No,Lower,Yes,,sea,N/A,Yes,auto,flood
{{ flood_risk_rivers_sea }},flood_risk_rivers_sea,"Flood Risk (Rivers/Sea, defended)",API,7,EA_ROFRS,Yes,EA Risk of Flooding from Rivers and Sea (NAFRA2): Very low / Low / Medium / High. Incorporates flood defences and their condition.,Insert 'Data unavailable or inconclusive',"latitude, longitude",1,2,"Short, factual",Auto-populated from EA NAFRA2 WMS via /climate. Zero features returned = Very low.,No,No,Yes,"ENUM: Very low, Low, Medium, High",No,Leading caps,Yes,"RESIDUAL risk — the number that should shape insurance, covenants, plant room design. Differs from flood_zone which is the undefended planning designation.",Very low,N/A,Yes,auto,flood
{{ flood_risk_surface_water }},flood_risk_surface_water,Flood Risk (Surface Water),API,7,EA_ROFSW,Yes,"EA Risk of Flooding from Surface Water (NAFRA2): Very low / Low / Medium / High. Local drainage characteristic, not captured by planning flood zones.",Insert 'Data unavailable or inconclusive',"latitude, longitude",1,2,"Short, factual",Auto-populated from EA NAFRA2 WMS via /climate. Zero features returned = Very low.,No,No,Yes,"ENUM: Very low, Low, Medium, High",No,Leading caps,Yes,Local drainage issue. High/Medium triggers SuDS and basement-protection commentary.,High,N/A,Yes,auto,flood
{{ hot_days_baseline_median }},hot_days_baseline_median,"Hot Days (Historic Baseline, median)",API,7,UKCP18,Yes,"Days per year with max temp > 30°C, historic baseline 1981-2000, median estimate (HSD_8100_median).",Null — field skipped if UKCP18 unavailable,"latitude, longitude",1,1,"Short, factual",Auto-populated from Met Office UKCP18 Hot Summer Days LA FeatureServer via /climate.,No,No,Yes,Integer,No,N/A,Yes,Anchor for the climate commentary narrative — shows how much change has already occurred (recent) and is projected (warming levels).,2,N/A,Yes,auto,ukcp18
{{ hot_days_recent_median }},hot_days_recent_median,"Hot Days (Recent Observed, median)",API,7,UKCP18,Yes,"Days per year with max temp > 30°C, recent observed 2001-2020, median estimate (HSD_0120_median).",Null — field skipped if UKCP18 unavailable,"latitude, longitude",1,1,"Short, factual",Auto-populated from Met Office UKCP18 LA FeatureServer via /climate.,No,No,Yes,Integer,No,N/A,Yes,Shows realised change vs 1981-2000 baseline.,5,N/A,Yes,auto,ukcp18
{{ hot_days_2c_median }},hot_days_2c_median,Hot Days at 2°C Warming (median),API,7,UKCP18,Yes,Days per year > 30°C at 2°C global warming level (IPCC AR6 framing). Approximately 2050 under high-emissions pathways. Median estimate (HSD_2_median).,Null — field skipped if UKCP18 unavailable,"latitude, longitude",1,1,"Short, factual",Auto-populated from Met Office UKCP18 LA FeatureServer via /climate. Primary forward-looking metric for investor narrative.,No,No,Yes,Integer,No,N/A,Yes,Primary metric for 'by-2050' narratives. Warming-level framing decouples from emissions-scenario uncertainty.,10,N/A,Yes,auto,ukcp18
{{ hot_days_2c_lower }},hot_days_2c_lower,Hot Days at 2°C Warming (10th pctl),API,7,UKCP18,No,Lower-bound (10th percentile) projection of days/year > 30°C at 2°C warming (HSD_2_lower).,Null — field skipped if UKCP18 unavailable,hot_days_2c_median,1,1,"Short, factual",Auto-populated from UKCP18 LA FeatureServer via /climate.,No,No,Yes,Integer,No,N/A,Yes,Uncertainty envelope lower bound.,5,N/A,Yes,auto,ukcp18
{{ hot_days_2c_upper }},hot_days_2c_upper,Hot Days at 2°C Warming (90th pctl),API,7,UKCP18,No,Upper-bound (90th percentile) projection of days/year > 30°C at 2°C warming (HSD_2_upper).,Null — field skipped if UKCP18 unavailable,hot_days_2c_median,1,1,"Short, factual",Auto-populated from UKCP18 LA FeatureServer via /climate.,No,No,Yes,Integer,No,N/A,Yes,Uncertainty envelope upper bound.,15,N/A,Yes,auto,ukcp18
{{ hot_days_3c_median }},hot_days_3c_median,Hot Days at 3°C Warming (median),API,7,UKCP18,No,Days per year > 30°C at 3°C global warming level. Approximately 2070-2080 under high-emissions. Median estimate (HSD_3_median).,Null — field skipped if UKCP18 unavailable,"latitude, longitude",1,1,"Short, factual",Auto-populated from UKCP18 LA FeatureServer via /climate.,No,No,Yes,Integer,No,N/A,Yes,Long-term anchor for hold-period narratives.,18,N/A,Yes,auto,ukcp18
{{ hot_days_3c_lower }},hot_days_3c_lower,Hot Days at 3°C Warming (10th pctl),API,7,UKCP18,No,Lower-bound (10th percentile) projection of days/year > 30°C at 3°C warming (HSD_3_lower).,Null — field skipped if UKCP18 unavailable,hot_days_3c_median,1,1,"Short, factual",Auto-populated from UKCP18 LA FeatureServer via /climate.,No,No,Yes,Integer,No,N/A,Yes,Uncertainty envelope lower bound.,5,N/A,Yes,auto,ukcp18
{{ hot_days_3c_upper }},hot_days_3c_upper,Hot Days at 3°C Warming (90th pctl),API,7,UKCP18,No,Upper-bound (90th percentile) projection of days/year > 30°C at 3°C warming (HSD_3_upper).,Null — field skipped if UKCP18 unavailable,hot_days_3c_median,1,1,"Short, factual",Auto-populated from UKCP18 LA FeatureServer via /climate.,No,No,Yes,Integer,No,N/A,Yes,Uncertainty envelope upper bound.,15,N/A,Yes,auto,ukcp18
{{ hot_days_4c_median }},hot_days_4c_median,Hot Days at 4°C Warming (median),API,7,UKCP18,No,Days per year > 30°C at 4°C global warming level. Late-century / high-emissions anchor. Median estimate (HSD_4_median).,Null — field skipped if UKCP18 unavailable,"latitude, longitude",1,1,"Short, factual",Auto-populated from UKCP18 LA FeatureServer via /climate.,No,No,Yes,Integer,No,N/A,Yes,Terminal scenario anchor.,30,N/A,Yes,auto,ukcp18
{{ hot_days_4c_lower }},hot_days_4c_lower,Hot Days at 4°C Warming (10th pctl),API,7,UKCP18,No,Lower-bound (10th percentile) projection of days/year > 30°C at 4°C warming (HSD_4_lower).,Null — field skipped if UKCP18 unavailable,hot_days_4c_median,1,1,"Short, factual",Auto-populated from UKCP18 LA FeatureServer via /climate.,No,No,Yes,Integer,No,N/A,Yes,Uncertainty envelope lower bound.,5,N/A,Yes,auto,ukcp18
{{ hot_days_4c_upper }},hot_days_4c_upper,Hot Days at 4°C Warming (90th pctl),API,7,UKCP18,No,Upper-bound (90th percentile) projection of days/year > 30°C at 4°C warming (HSD_4_upper).,Null — field skipped if UKCP18 unavailable,hot_days_4c_median,1,1,"Short, factual",Auto-populated from UKCP18 LA FeatureServer via /climate.,No,No,Yes,Integer,No,N/A,Yes,Uncertainty envelope upper bound.,15,N/A,Yes,auto,ukcp18
{{ ecrt_class }},ecrt_class,ECRT Class,API,7,ECRT,No,European Climate Risk Typology class (RESIN typology). 8 classes at NUTS3 level.,Insert 'Data unavailable or inconclusive',"latitude, longitude",2,10,"Short, factual",Auto-populated from pipe-climate via /climate. Render the returned class code verbatim; do not infer or derive.,No,No,Yes,String,No,Sentence,Yes,Sprint 15: UK-wide stub. Sprint 16: region-specific via RESIN PDF parse.,UK temperate — heat-exposure rising,N/A,Yes,rules,ecrt
{{ ecrt_class_description }},ecrt_class_description,ECRT Class Description,API,7,ECRT,No,One-line descriptor of the ECRT class for the region — context for the commentary narrative.,Insert 'Data unavailable or inconclusive',ecrt_class,10,50,"Descriptive, factual",Auto-populated from pipe-climate via /climate. Render the returned description verbatim; do not rephrase or summarise.,No,No,Yes,String,No,Sentence,Yes,Pairs with ecrt_class for regional-context segment of climate_risk_commentary.,"UK-wide ECRT classification pending region-specific RESIN data. Context: UK falls within the temperate Atlantic climate zone with rising heat-stress exposure, particularly in south-eastern urban areas.",N/A,Yes,rules,ecrt
{{ climate_risk_commentary }},climate_risk_commentary,Physical Climate Risk Commentary,Strategy,7,GPT,Yes,"Val-authored deterministic synthesis of flood risk (zone + RoFRS + RoFSW) + UKCP18 hot-day projections + ECRT regional context. Investor-oriented, warming-level framing, data-derived severity thresholds.",Insert 'UKCP18 heat-stress projections are temporarily unavailable; Met Office service offline at session time.' if UKCP18 unavailable. Otherwise: 'Data unavailable or inconclusive',"flood_zone, flood_source_primary, flood_risk_rivers_sea, flood_risk_surface_water, hot_days_baseline_median, hot_days_2c_median, hot_days_3c_median, ecrt_class_description",80,250,"Clear, factual, investor-oriented","The deterministic climate-data narrative is already in this field (Val-authored). Present it verbatim as the opening of your output. Then add your synthesis: implications for investment risk, retrofit scoping, long-term value, basing your synthesis on cross-references to signals in this session from {{ long_bldg_descr }}, {{ strategic_decarb_comments }}, {{ imd_analysis }}, and {{ crrem_comments }}.",No,No,Yes,String,Yes,Sentence,Yes,Deterministic conditional-branch construction (see pipe-climate §6.5). Warming-level framing (IPCC AR6) replaces RCP-year; severity thresholds data-derived from baseline multiplier.,"The site sits within Flood Zone 3 (tidal) — a planning and insurance designation reflecting the undefended flood envelope — but defended residual risk is Very Low, reflecting the integrity of tidal-defence infrastructure.",N/A,No,rules,